|note|tags|spanish_verb|inf_verb|person|sing_or_plural|mood|tense|pos_neg_cmd|cast_note|conj_verb|code|region|verb_type|gender|haver_verb|anar_verb|note1|note2|cat_note|tense_tag|mood_tag|ending_tag|pronoun_tag|cat_tags
2|⊙ Ara mateix, ⊙jo {{c1::soy::…ser…}} (conscient d'això)| ends_in_er extreme_irregularity irregular_form irregular_verb presente ser yo |ser|ser|1|S|I|P|0|⊙ Ahora mismo, ⊙yo {{c1::soy::…ser…}} (consciente de ello)|soc|VSIP1S00|central|S|0|||⊙ Ara mateix, ⊙jo | (conscient d'això)|⊙ Ara mateix, ⊙jo {{c1::soc::…ser…}} (conscient d'això)|present|indicatiu|-er|jo| present indicatiu -er jo ser 
3|⊙ Ara mateix, ⊙tu {{c1::eres::…ser…}} (conscient d'això)| dicho ends_in_er extreme_irregularity in_the_wild irregular_form irregular_verb presente ser tú tú_vos |ser|ser|2|S|I|P|0|⊙ Ahora mismo, ⊙tú {{c1::eres::…ser…}} (consciente de ello)|ets|VSIP2S00|central|S|0|||⊙ Ara mateix, ⊙tu | (conscient d'això)|⊙ Ara mateix, ⊙tu {{c1::ets::…ser…}} (conscient d'això)|present|indicatiu|-er|tu| present indicatiu -er tu ser 
4|⊙ Ara mateix, ⊙ell/ella/vostè {{c1::es::…ser…}} (conscient d'això)| ends_in_er extreme_irregularity in_the_wild irregular_form irregular_verb modismo presente ser él_ella_usted |ser|ser|3|S|I|P|0|⊙ Ahora mismo, ⊙él/ella/usted {{c1::es::…ser…}} (consciente de ello)|és|VSIP3S00|central|S|0|||⊙ Ara mateix, ⊙ell/ella/vostè | (conscient d'això)|⊙ Ara mateix, ⊙ell/ella/vostè {{c1::és::…ser…}} (conscient d'això)|present|indicatiu|-er|ell/ella/vostè| present indicatiu -er ell/ella/vostè ser 
5|⊙ Ara mateix, ⊙nosaltres {{c1::somos::…ser…}} (conscients d'això)| ends_in_er extreme_irregularity irregular_form irregular_verb nosotros presente ser |ser|ser|1|P|I|P|0|⊙ Ahora mismo, ⊙nosotros {{c1::somos::…ser…}} (conscientes de ello)|som|VSIP1P00|central|S|0|||⊙ Ara mateix, ⊙nosaltres | (conscients d'això)|⊙ Ara mateix, ⊙nosaltres {{c1::som::…ser…}} (conscients d'això)|present|indicatiu|-er|nosaltres| present indicatiu -er nosaltres ser 
6|⊙ Ara mateix, ⊙vosaltres {{c1::sois::…ser…}} (conscients d'això)| ends_in_er extreme_irregularity irregular_form irregular_verb presente ser vosotros |ser|ser|2|P|I|P|0|⊙ Ahora mismo, ⊙vosotros {{c1::sois::…ser…}} (conscientes de ello)|sou|VSIP2P00|central|S|0|||⊙ Ara mateix, ⊙vosaltres | (conscients d'això)|⊙ Ara mateix, ⊙vosaltres {{c1::sou::…ser…}} (conscients d'això)|present|indicatiu|-er|vosaltres| present indicatiu -er vosaltres ser 
7|⊙ Ara mateix, ⊙ells/elles/vostès {{c1::son::…ser…}} (conscients d'això)| ellos_ellas_ustedes ends_in_er extreme_irregularity irregular_form irregular_verb presente ser |ser|ser|3|P|I|P|0|⊙ Ahora mismo, ⊙ellos/ellas/ustedes {{c1::son::…ser…}} (conscientes de ello)|són|VSIP3P00|central|S|0|||⊙ Ara mateix, ⊙ells/elles/vostès | (conscients d'això)|⊙ Ara mateix, ⊙ells/elles/vostès {{c1::són::…ser…}} (conscients d'això)|present|indicatiu|-er|ells/elles/vostès| present indicatiu -er ells/elles/vostès ser 
51|⊙ Ara mateix, ⊙jo {{c1::he::…haber…}} (canviat d'opinió)| ends_in_er extreme_irregularity haber irregular_form irregular_verb presente yo |haber|haver|1|S|I|P|0|⊙ Ahora mismo, ⊙yo {{c1::he::…haber…}} (cambiado de opinión)|he|VAIP1S00|central|A|0|||⊙ Ara mateix, ⊙jo | (canviat d'opinió)|⊙ Ara mateix, ⊙jo {{c1::he::…haver…}} (canviat d'opinió)|present|indicatiu|-er|jo| present indicatiu -er jo haver 
52|⊙ Ara mateix, ⊙tu {{c1::has::…haber…}} (canviat d'opinió)| ends_in_er extreme_irregularity haber in_the_wild irregular_form irregular_verb presente refrán tú_vos |haber|haver|2|S|I|P|0|⊙ Ahora mismo, ⊙tú/vos {{c1::has::…haber…}} (cambiado de opinión)|has|VAIP2S00|central|A|0|||⊙ Ara mateix, ⊙tu | (canviat d'opinió)|⊙ Ara mateix, ⊙tu {{c1::has::…haver…}} (canviat d'opinió)|present|indicatiu|-er|tu| present indicatiu -er tu haver 
53|⊙ Ara mateix, ⊙ell/ella/vostè {{c1::ha::…haber…}} (canviat d'opinió)| ends_in_er extreme_irregularity haber irregular_form irregular_verb presente él_ella_usted |haber|haver|3|S|I|P|0|⊙ Ahora mismo, ⊙él/ella/usted {{c1::ha::…haber…}} (cambiado de opinión)|ha|VAIP3S00|central|A|0|||⊙ Ara mateix, ⊙ell/ella/vostè | (canviat d'opinió)|⊙ Ara mateix, ⊙ell/ella/vostè {{c1::ha::…haver…}} (canviat d'opinió)|present|indicatiu|-er|ell/ella/vostè| present indicatiu -er ell/ella/vostè haver 
54|⊙ Ara mateix, ⊙nosaltres {{c1::hemos::…haber…}} (canviat d'opinió)| ends_in_er extreme_irregularity haber in_the_wild irregular_form irregular_verb nosotros presente refrán |haber|haver|1|P|I|P|0|⊙ Ahora mismo, ⊙nosotros {{c1::hemos::…haber…}} (cambiado de opinión)|hem|VAIP1P00|central|A|0|||⊙ Ara mateix, ⊙nosaltres | (canviat d'opinió)|⊙ Ara mateix, ⊙nosaltres {{c1::hem::…haver…}} (canviat d'opinió)|present|indicatiu|-er|nosaltres| present indicatiu -er nosaltres haver 
55|⊙ Ara mateix, ⊙vosaltres {{c1::habéis::…haber…}} (canviat d'opinió)| ends_in_er extreme_irregularity haber irregular_verb presente regular_form vosotros |haber|haver|2|P|I|P|0|⊙ Ahora mismo, ⊙vosotros {{c1::habéis::…haber…}} (cambiado de opinión)|heu|VAIP2P00|central|A|0|||⊙ Ara mateix, ⊙vosaltres | (canviat d'opinió)|⊙ Ara mateix, ⊙vosaltres {{c1::heu::…haver…}} (canviat d'opinió)|present|indicatiu|-er|vosaltres| present indicatiu -er vosaltres haver 
56|⊙ Ara mateix, ⊙ells/elles/vostès {{c1::han::…haber…}} (canviat d'opinió)| ellos_ellas_ustedes ends_in_er extreme_irregularity haber irregular_form irregular_verb presente |haber|haver|3|P|I|P|0|⊙ Ahora mismo, ⊙ellos/ellas/ustedes {{c1::han::…haber…}} (cambiado de opinión)|han|VAIP3P00|central|A|0|||⊙ Ara mateix, ⊙ells/elles/vostès | (canviat d'opinió)|⊙ Ara mateix, ⊙ells/elles/vostès {{c1::han::…haver…}} (canviat d'opinió)|present|indicatiu|-er|ells/elles/vostès| present indicatiu -er ells/elles/vostès haver 
95|⊙ Ara mateix, ⊙jo {{c1::estoy::…estar…}} (feliç)| ends_in_ar estar high_irregularity in_the_wild irregular_form irregular_verb modismo presente yo |estar|estar|1|S|I|P|0|⊙ Ahora mismo, ⊙yo {{c1::estoy::…estar…}} (en Cádiz)|estic|VMIP1S00|central|M|0|||⊙ Ara mateix, ⊙jo | (feliç)|⊙ Ara mateix, ⊙jo {{c1::estic::…estar…}} (feliç)|present|indicatiu|-ar|jo| present indicatiu -ar jo estar 
96|⊙ Ara mateix, ⊙tu {{c1::estàs::…estar…}} (feliç)| ends_in_ar estar high_irregularity in_the_wild irregular_form irregular_verb modismo presente tú_vos |estar|estar|2|S|I|P|0|⊙ Ahora mismo, ⊙tú/vos {{c1::estás::…estar…}} (en Cádiz)|estàs|VMIP2S00|central|M|0|||⊙ Ara mateix, ⊙tu | (feliç)|⊙ Ara mateix, ⊙tu {{c1::estàs::…estar…}} (feliç)|present|indicatiu|-ar|tu| present indicatiu -ar tu estar 
97|⊙ Ara mateix, ⊙ell/ella/vostè {{c1::està::…estar…}} (feliç)| dicho ends_in_ar estar high_irregularity in_the_wild irregular_form irregular_verb presente él_ella_usted |estar|estar|3|S|I|P|0|⊙ Ahora mismo, ⊙él/ella/usted {{c1::está::…estar…}} (en Cádiz)|està|VMIP3S00|central|M|0|||⊙ Ara mateix, ⊙ell/ella/vostè | (feliç)|⊙ Ara mateix, ⊙ell/ella/vostè {{c1::està::…estar…}} (feliç)|present|indicatiu|-ar|ell/ella/vostè| present indicatiu -ar ell/ella/vostè estar 
98|⊙ Ara mateix, ⊙nosaltres {{c1::estamos::…estar…}} (feliços)| ends_in_ar estar high_irregularity in_the_wild irregular_verb modismo nosotros presente regular_form |estar|estar|1|P|I|P|0|⊙ Ahora mismo, ⊙nosotros {{c1::estamos::…estar…}} (en Cádiz)|estem|VMIP1P00|central|M|0|||⊙ Ara mateix, ⊙nosaltres | (feliços)|⊙ Ara mateix, ⊙nosaltres {{c1::estem::…estar…}} (feliços)|present|indicatiu|-ar|nosaltres| present indicatiu -ar nosaltres estar 
99|⊙ Ara mateix, ⊙vosaltres {{c1::estàis::…estar…}} (feliços)| ends_in_ar estar high_irregularity in_the_wild irregular_verb modismo presente regular_form vosotros |estar|estar|2|P|I|P|0|⊙ Ahora mismo, ⊙vosotros {{c1::estáis::…estar…}} (en Cádiz)|esteu|VMIP2P00|central|M|0|||⊙ Ara mateix, ⊙vosaltres | (feliços)|⊙ Ara mateix, ⊙vosaltres {{c1::esteu::…estar…}} (feliços)|present|indicatiu|-ar|vosaltres| present indicatiu -ar vosaltres estar 
100|⊙ Ara mateix, ⊙ells/elles/vostès {{c1::estàn::…estar…}} (feliços)| ellos_ellas_ustedes ends_in_ar estar high_irregularity irregular_form irregular_verb presente |estar|estar|3|P|I|P|0|⊙ Ahora mismo, ⊙ellos/ellas/ustedes {{c1::están::…estar…}} (en Cádiz)|estan|VMIP3P00|central|M|0|||⊙ Ara mateix, ⊙ells/elles/vostès | (feliços)|⊙ Ara mateix, ⊙ells/elles/vostès {{c1::estan::…estar…}} (feliços)|present|indicatiu|-ar|ells/elles/vostès| present indicatiu -ar ells/elles/vostès estar 
144|⊙ Ara mateix, ⊙jo {{c1::hablo::…hablar…}} (del passat)| ends_in_ar hablar presente regular_form regular_verb yo |hablar|parlar|1|S|I|P|0|⊙ Ahora mismo, ⊙yo {{c1::hablo::…hablar…}} (del pasado)|parlo|VMIP1S0C|central|M|0|||⊙ Ara mateix, ⊙jo | (del passat)|⊙ Ara mateix, ⊙jo {{c1::parlo::…parlar…}} (del passat)|present|indicatiu|-ar|jo| present indicatiu -ar jo parlar 
145|⊙ Ara mateix, ⊙tu {{c1::hablas::…hablar…}} (del passat)| ends_in_ar hablar presente regular_form regular_verb tú tú_vos |hablar|parlar|2|S|I|P|0|⊙ Ahora mismo, ⊙tú {{c1::hablas::…hablar…}} (del pasado)|parles|VMIP2S00|central|M|0|||⊙ Ara mateix, ⊙tu | (del passat)|⊙ Ara mateix, ⊙tu {{c1::parles::…parlar…}} (del passat)|present|indicatiu|-ar|tu| present indicatiu -ar tu parlar 
146|⊙ Ara mateix, ⊙ell/ella/vostè {{c1::habla::…hablar…}} (del passat)| ends_in_ar hablar in_the_wild presente refrán regular_form regular_verb él_ella_usted |hablar|parlar|3|S|I|P|0|⊙ Ahora mismo, ⊙él/ella/usted {{c1::habla::…hablar…}} (del pasado)|parla|VMIP3S00|central|M|0|||⊙ Ara mateix, ⊙ell/ella/vostè | (del passat)|⊙ Ara mateix, ⊙ell/ella/vostè {{c1::parla::…parlar…}} (del passat)|present|indicatiu|-ar|ell/ella/vostè| present indicatiu -ar ell/ella/vostè parlar 
147|⊙ Ara mateix, ⊙nosaltres {{c1::hablamos::…hablar…}} (del passat)| ends_in_ar hablar nosotros presente regular_form regular_verb |hablar|parlar|1|P|I|P|0|⊙ Ahora mismo, ⊙nosotros {{c1::hablamos::…hablar…}} (del pasado)|parlem|VMIP1P00|central|M|0|||⊙ Ara mateix, ⊙nosaltres | (del passat)|⊙ Ara mateix, ⊙nosaltres {{c1::parlem::…parlar…}} (del passat)|present|indicatiu|-ar|nosaltres| present indicatiu -ar nosaltres parlar 
148|⊙ Ara mateix, ⊙vosaltres {{c1::habláis::…hablar…}} (del passat)| ends_in_ar hablar presente regular_form regular_verb vosotros |hablar|parlar|2|P|I|P|0|⊙ Ahora mismo, ⊙vosotros {{c1::habláis::…hablar…}} (del pasado)|parleu|VMIP2P00|central|M|0|||⊙ Ara mateix, ⊙vosaltres | (del passat)|⊙ Ara mateix, ⊙vosaltres {{c1::parleu::…parlar…}} (del passat)|present|indicatiu|-ar|vosaltres| present indicatiu -ar vosaltres parlar 
149|⊙ Ara mateix, ⊙ells/elles/vostès {{c1::hablan::…hablar…}} (del passat)| ellos_ellas_ustedes ends_in_ar hablar presente regular_form regular_verb |hablar|parlar|3|P|I|P|0|⊙ Ahora mismo, ⊙ellos/ellas/ustedes {{c1::hablan::…hablar…}} (del pasado)|parlen|VMIP3P00|central|M|0|||⊙ Ara mateix, ⊙ells/elles/vostès | (del passat)|⊙ Ara mateix, ⊙ells/elles/vostès {{c1::parlen::…parlar…}} (del passat)|present|indicatiu|-ar|ells/elles/vostès| present indicatiu -ar ells/elles/vostès parlar 
193|⊙ Ara mateix, ⊙jo {{c1::debo::…deber…}} (sortir)| deber ends_in_er presente regular_form regular_verb yo |deber|deure|1|S|I|P|0|⊙ Ahora mismo, ⊙yo {{c1::debo::…deber…}} (salir)|dec|VMIP1S00|central|M|0|||⊙ Ara mateix, ⊙jo | (sortir)|⊙ Ara mateix, ⊙jo {{c1::dec::…deure…}} (sortir)|present|indicatiu|-re|jo| present indicatiu -re jo deure 
194|⊙ Ara mateix, ⊙tu {{c1::debes::…deber…}} (sortir)| deber ends_in_er presente regular_form regular_verb tú tú_vos |deber|deure|2|S|I|P|0|⊙ Ahora mismo, ⊙tú {{c1::debes::…deber…}} (salir)|deus|VMIP2S00|central|M|0|||⊙ Ara mateix, ⊙tu | (sortir)|⊙ Ara mateix, ⊙tu {{c1::deus::…deure…}} (sortir)|present|indicatiu|-re|tu| present indicatiu -re tu deure 
195|⊙ Ara mateix, ⊙ell/ella/vostè {{c1::debe::…deber…}} (sortir)| deber ends_in_er in_the_wild presente refrán regular_form regular_verb él_ella_usted |deber|deure|3|S|I|P|0|⊙ Ahora mismo, ⊙él/ella/usted {{c1::debe::…deber…}} (salir)|deu|VMIP3S00|central|M|0|||⊙ Ara mateix, ⊙ell/ella/vostè | (sortir)|⊙ Ara mateix, ⊙ell/ella/vostè {{c1::deu::…deure…}} (sortir)|present|indicatiu|-re|ell/ella/vostè| present indicatiu -re ell/ella/vostè deure 
196|⊙ Ara mateix, ⊙nosaltres {{c1::debemos::…deber…}} (sortir)| deber ends_in_er nosotros presente regular_form regular_verb |deber|deure|1|P|I|P|0|⊙ Ahora mismo, ⊙nosotros {{c1::debemos::…deber…}} (salir)|devem|VMIP1P00|central|M|0|||⊙ Ara mateix, ⊙nosaltres | (sortir)|⊙ Ara mateix, ⊙nosaltres {{c1::devem::…deure…}} (sortir)|present|indicatiu|-re|nosaltres| present indicatiu -re nosaltres deure 
197|⊙ Ara mateix, ⊙vosaltres {{c1::debéis::…deber…}} (sortir)| deber ends_in_er presente regular_form regular_verb vosotros |deber|deure|2|P|I|P|0|⊙ Ahora mismo, ⊙vosotros {{c1::debéis::…deber…}} (salir)|deveu|VMIP2P00|central|M|0|||⊙ Ara mateix, ⊙vosaltres | (sortir)|⊙ Ara mateix, ⊙vosaltres {{c1::deveu::…deure…}} (sortir)|present|indicatiu|-re|vosaltres| present indicatiu -re vosaltres deure 
198|⊙ Ara mateix, ⊙ells/elles/vostès {{c1::deben::…deber…}} (sortir)| deber ellos_ellas_ustedes ends_in_er presente regular_form regular_verb |deber|deure|3|P|I|P|0|⊙ Ahora mismo, ⊙ellos/ellas/ustedes {{c1::deben::…deber…}} (salir)|deuen|VMIP3P00|central|M|0|||⊙ Ara mateix, ⊙ells/elles/vostès | (sortir)|⊙ Ara mateix, ⊙ells/elles/vostès {{c1::deuen::…deure…}} (sortir)|present|indicatiu|-re|ells/elles/vostès| present indicatiu -re ells/elles/vostès deure 
242|⊙ Ara mateix, ⊙jo {{c1::vivo::…vivir…}} (amb poc)| ends_in_ir presente regular_form regular_verb vivir yo |vivir|viure|1|S|I|P|0|⊙ Ahora mismo, ⊙yo {{c1::vivo::…vivir…}} (con poco)|visc|VMIP1S00|central|M|0|||⊙ Ara mateix, ⊙jo | (amb poc)|⊙ Ara mateix, ⊙jo {{c1::visc::…viure…}} (amb poc)|present|indicatiu|-re|jo| present indicatiu -re jo viure 
243|⊙ Ara mateix, ⊙tu {{c1::vives::…vivir…}} (amb poc)| ends_in_ir presente regular_form regular_verb tú tú_vos vivir |vivir|viure|2|S|I|P|0|⊙ Ahora mismo, ⊙tú {{c1::vives::…vivir…}} (con poco)|vius|VMIP2S00|central|M|0|||⊙ Ara mateix, ⊙tu | (amb poc)|⊙ Ara mateix, ⊙tu {{c1::vius::…viure…}} (amb poc)|present|indicatiu|-re|tu| present indicatiu -re tu viure 
244|⊙ Ara mateix, ⊙ell/ella/vostè {{c1::vive::…vivir…}} (amb poc)| ends_in_ir in_the_wild presente refrán regular_form regular_verb vivir él_ella_usted |vivir|viure|3|S|I|P|0|⊙ Ahora mismo, ⊙él/ella/usted {{c1::vive::…vivir…}} (con poco)|viu|VMIP3S00|central|M|0|||⊙ Ara mateix, ⊙ell/ella/vostè | (amb poc)|⊙ Ara mateix, ⊙ell/ella/vostè {{c1::viu::…viure…}} (amb poc)|present|indicatiu|-re|ell/ella/vostè| present indicatiu -re ell/ella/vostè viure 
245|⊙ Ara mateix, ⊙nosaltres {{c1::vivimos::…vivir…}} (amb poc)| ends_in_ir nosotros presente regular_form regular_verb vivir |vivir|viure|1|P|I|P|0|⊙ Ahora mismo, ⊙nosotros {{c1::vivimos::…vivir…}} (con poco)|vivim|VMIP1P00|central|M|0|||⊙ Ara mateix, ⊙nosaltres | (amb poc)|⊙ Ara mateix, ⊙nosaltres {{c1::vivim::…viure…}} (amb poc)|present|indicatiu|-re|nosaltres| present indicatiu -re nosaltres viure 
246|⊙ Ara mateix, ⊙vosaltres {{c1::vivís::…vivir…}} (amb poc)| ends_in_ir presente regular_form regular_verb vivir vosotros |vivir|viure|2|P|I|P|0|⊙ Ahora mismo, ⊙vosotros {{c1::vivís::…vivir…}} (con poco)|viviu|VMIP2P00|central|M|0|||⊙ Ara mateix, ⊙vosaltres | (amb poc)|⊙ Ara mateix, ⊙vosaltres {{c1::viviu::…viure…}} (amb poc)|present|indicatiu|-re|vosaltres| present indicatiu -re vosaltres viure 
247|⊙ Ara mateix, ⊙ells/elles/vostès {{c1::viven::…vivir…}} (amb poc)| ellos_ellas_ustedes ends_in_ir presente regular_form regular_verb vivir |vivir|viure|3|P|I|P|0|⊙ Ahora mismo, ⊙ellos/ellas/ustedes {{c1::viven::…vivir…}} (con poco)|viuen|VMIP3P00|central|M|0|||⊙ Ara mateix, ⊙ells/elles/vostès | (amb poc)|⊙ Ara mateix, ⊙ells/elles/vostès {{c1::viuen::…viure…}} (amb poc)|present|indicatiu|-re|ells/elles/vostès| present indicatiu -re ells/elles/vostès viure 
291|⊙ Ara mateix, ⊙jo {{c1::tengo::…tener…}} (ganas de sortir)| ends_in_er extreme_irregularity irregular_form irregular_verb presente tener yo |tener|tenir|1|S|I|P|0|⊙ Ahora mismo, ⊙yo {{c1::tengo::…tener…}} (ganas de salir)|tinc|VMIP1S00|central|M|0|||⊙ Ara mateix, ⊙jo | (ganas de sortir)|⊙ Ara mateix, ⊙jo {{c1::tinc::…tenir…}} (ganas de sortir)|present|indicatiu|-ir|jo| present indicatiu -ir jo tenir 
292|⊙ Ara mateix, ⊙tu {{c1::tienes::…tener…}} (ganas de sortir)| ends_in_er extreme_irregularity in_the_wild irregular_form irregular_verb modismo presente tener tú tú_vos |tener|tenir|2|S|I|P|0|⊙ Ahora mismo, ⊙tú {{c1::tienes::…tener…}} (ganas de salir)|tens|VMIP2S00|central|M|0|||⊙ Ara mateix, ⊙tu | (ganas de sortir)|⊙ Ara mateix, ⊙tu {{c1::tens::…tenir…}} (ganas de sortir)|present|indicatiu|-ir|tu| present indicatiu -ir tu tenir 
293|⊙ Ara mateix, ⊙ell/ella/vostè {{c1::tiene::…tener…}} (ganas de sortir)| ends_in_er extreme_irregularity in_the_wild irregular_form irregular_verb modismo presente tener él_ella_usted |tener|tenir|3|S|I|P|0|⊙ Ahora mismo, ⊙él/ella/usted {{c1::tiene::…tener…}} (ganas de salir)|té|VMIP3S00|central|M|0|||⊙ Ara mateix, ⊙ell/ella/vostè | (ganas de sortir)|⊙ Ara mateix, ⊙ell/ella/vostè {{c1::té::…tenir…}} (ganas de sortir)|present|indicatiu|-ir|ell/ella/vostè| present indicatiu -ir ell/ella/vostè tenir 
294|⊙ Ara mateix, ⊙nosaltres {{c1::tenemos::…tener…}} (ganas de sortir)| ends_in_er extreme_irregularity irregular_verb nosotros presente regular_form tener |tener|tenir|1|P|I|P|0|⊙ Ahora mismo, ⊙nosotros {{c1::tenemos::…tener…}} (ganas de salir)|tenim|VMIP1P00|central|M|0|||⊙ Ara mateix, ⊙nosaltres | (ganas de sortir)|⊙ Ara mateix, ⊙nosaltres {{c1::tenim::…tenir…}} (ganas de sortir)|present|indicatiu|-ir|nosaltres| present indicatiu -ir nosaltres tenir 
295|⊙ Ara mateix, ⊙vosaltres {{c1::tenéis::…tener…}} (ganas de sortir)| ends_in_er extreme_irregularity irregular_verb presente regular_form tener vosotros |tener|tenir|2|P|I|P|0|⊙ Ahora mismo, ⊙vosotros {{c1::tenéis::…tener…}} (ganas de salir)|teniu|VMIP2P00|central|M|0|||⊙ Ara mateix, ⊙vosaltres | (ganas de sortir)|⊙ Ara mateix, ⊙vosaltres {{c1::teniu::…tenir…}} (ganas de sortir)|present|indicatiu|-ir|vosaltres| present indicatiu -ir vosaltres tenir 
296|⊙ Ara mateix, ⊙ells/elles/vostès {{c1::tienen::…tener…}} (ganas de sortir)| ellos_ellas_ustedes ends_in_er extreme_irregularity irregular_form irregular_verb presente tener |tener|tenir|3|P|I|P|0|⊙ Ahora mismo, ⊙ellos/ellas/ustedes {{c1::tienen::…tener…}} (ganas de salir)|tenen|VMIP3P00|central|M|0|||⊙ Ara mateix, ⊙ells/elles/vostès | (ganas de sortir)|⊙ Ara mateix, ⊙ells/elles/vostès {{c1::tenen::…tenir…}} (ganas de sortir)|present|indicatiu|-ir|ells/elles/vostès| present indicatiu -ir ells/elles/vostès tenir 
340|⊙ Ara mateix, ⊙jo {{c1::digo::…decir…}} (que no)| decir ends_in_ir extreme_irregularity irregular_form irregular_verb presente yo |decir|dir|1|S|I|P|0|⊙ Ahora mismo, ⊙yo {{c1::digo::…decir…}} (que no)|dic|VMIP1S00|central|M|0|||⊙ Ara mateix, ⊙jo | (que no)|⊙ Ara mateix, ⊙jo {{c1::dic::…dir…}} (que no)|present|indicatiu|-ir|jo| present indicatiu -ir jo dir 
341|⊙ Ara mateix, ⊙tu {{c1::dices::…decir…}} (que no)| decir ends_in_ir extreme_irregularity irregular_form irregular_verb presente tú tú_vos |decir|dir|2|S|I|P|0|⊙ Ahora mismo, ⊙tú {{c1::dices::…decir…}} (que no)|dius|VMIP2S00|central|M|0|||⊙ Ara mateix, ⊙tu | (que no)|⊙ Ara mateix, ⊙tu {{c1::dius::…dir…}} (que no)|present|indicatiu|-ir|tu| present indicatiu -ir tu dir 
342|⊙ Ara mateix, ⊙ell/ella/vostè {{c1::dice::…decir…}} (que no)| decir dicho ends_in_ir extreme_irregularity in_the_wild irregular_form irregular_verb presente él_ella_usted |decir|dir|3|S|I|P|0|⊙ Ahora mismo, ⊙él/ella/usted {{c1::dice::…decir…}} (que no)|diu|VMIP3S00|central|M|0|||⊙ Ara mateix, ⊙ell/ella/vostè | (que no)|⊙ Ara mateix, ⊙ell/ella/vostè {{c1::diu::…dir…}} (que no)|present|indicatiu|-ir|ell/ella/vostè| present indicatiu -ir ell/ella/vostè dir 
343|⊙ Ara mateix, ⊙nosaltres {{c1::decimos::…decir…}} (que no)| decir ends_in_ir extreme_irregularity irregular_verb nosotros presente regular_form |decir|dir|1|P|I|P|0|⊙ Ahora mismo, ⊙nosotros {{c1::decimos::…decir…}} (que no)|diem|VMIP1P00|central|M|0|||⊙ Ara mateix, ⊙nosaltres | (que no)|⊙ Ara mateix, ⊙nosaltres {{c1::diem::…dir…}} (que no)|present|indicatiu|-ir|nosaltres| present indicatiu -ir nosaltres dir 
344|⊙ Ara mateix, ⊙vosaltres {{c1::decís::…decir…}} (que no)| decir ends_in_ir extreme_irregularity irregular_verb presente regular_form vosotros |decir|dir|2|P|I|P|0|⊙ Ahora mismo, ⊙vosotros {{c1::decís::…decir…}} (que no)|dieu|VMIP2P00|central|M|0|||⊙ Ara mateix, ⊙vosaltres | (que no)|⊙ Ara mateix, ⊙vosaltres {{c1::dieu::…dir…}} (que no)|present|indicatiu|-ir|vosaltres| present indicatiu -ir vosaltres dir 
345|⊙ Ara mateix, ⊙ells/elles/vostès {{c1::dicen::…decir…}} (que no)| decir ellos_ellas_ustedes ends_in_ir extreme_irregularity irregular_form irregular_verb presente |decir|dir|3|P|I|P|0|⊙ Ahora mismo, ⊙ellos/ellas/ustedes {{c1::dicen::…decir…}} (que no)|diuen|VMIP3P00|central|M|0|||⊙ Ara mateix, ⊙ells/elles/vostès | (que no)|⊙ Ara mateix, ⊙ells/elles/vostès {{c1::diuen::…dir…}} (que no)|present|indicatiu|-ir|ells/elles/vostès| present indicatiu -ir ells/elles/vostès dir 
389|⊙ Ara mateix, ⊙jo {{c1::hago::…hacer…}} (pastissos)| ends_in_er extreme_irregularity hacer irregular_form irregular_verb presente yo |hacer|fer|1|S|I|P|0|⊙ Ahora mismo, ⊙yo {{c1::hago::…hacer…}} (pasteles)|faig|VMIP1S00|central|M|0|||⊙ Ara mateix, ⊙jo | (pastissos)|⊙ Ara mateix, ⊙jo {{c1::faig::…fer…}} (pastissos)|present|indicatiu|-er|jo| present indicatiu -er jo fer 
390|⊙ Ara mateix, ⊙tu {{c1::haces::…hacer…}} (pastissos)| ends_in_er extreme_irregularity hacer irregular_verb presente regular_form tú tú_vos |hacer|fer|2|S|I|P|0|⊙ Ahora mismo, ⊙tú {{c1::haces::…hacer…}} (pasteles)|fas|VMIP2S00|central|M|0|||⊙ Ara mateix, ⊙tu | (pastissos)|⊙ Ara mateix, ⊙tu {{c1::fas::…fer…}} (pastissos)|present|indicatiu|-er|tu| present indicatiu -er tu fer 
391|⊙ Ara mateix, ⊙ell/ella/vostè {{c1::hace::…hacer…}} (pastissos)| ends_in_er extreme_irregularity hacer in_the_wild irregular_verb presente refrán regular_form él_ella_usted |hacer|fer|3|S|I|P|0|⊙ Ahora mismo, ⊙él/ella/usted {{c1::hace::…hacer…}} (pasteles)|fa|VMIP3S00|central|M|0|||⊙ Ara mateix, ⊙ell/ella/vostè | (pastissos)|⊙ Ara mateix, ⊙ell/ella/vostè {{c1::fa::…fer…}} (pastissos)|present|indicatiu|-er|ell/ella/vostè| present indicatiu -er ell/ella/vostè fer 
392|⊙ Ara mateix, ⊙nosaltres {{c1::hacemos::…hacer…}} (pastissos)| ends_in_er extreme_irregularity hacer irregular_verb nosotros presente regular_form |hacer|fer|1|P|I|P|0|⊙ Ahora mismo, ⊙nosotros {{c1::hacemos::…hacer…}} (pasteles)|fem|VMIP1P00|central|M|0|||⊙ Ara mateix, ⊙nosaltres | (pastissos)|⊙ Ara mateix, ⊙nosaltres {{c1::fem::…fer…}} (pastissos)|present|indicatiu|-er|nosaltres| present indicatiu -er nosaltres fer 
393|⊙ Ara mateix, ⊙vosaltres {{c1::hacéis::…hacer…}} (pastissos)| ends_in_er extreme_irregularity hacer irregular_verb presente regular_form vosotros |hacer|fer|2|P|I|P|0|⊙ Ahora mismo, ⊙vosotros {{c1::hacéis::…hacer…}} (pasteles)|feu|VMIP2P00|central|M|0|||⊙ Ara mateix, ⊙vosaltres | (pastissos)|⊙ Ara mateix, ⊙vosaltres {{c1::feu::…fer…}} (pastissos)|present|indicatiu|-er|vosaltres| present indicatiu -er vosaltres fer 
394|⊙ Ara mateix, ⊙ells/elles/vostès {{c1::hacen::…hacer…}} (pastissos)| ellos_ellas_ustedes ends_in_er extreme_irregularity hacer irregular_verb presente regular_form |hacer|fer|3|P|I|P|0|⊙ Ahora mismo, ⊙ellos/ellas/ustedes {{c1::hacen::…hacer…}} (pasteles)|fan|VMIP3P00|central|M|0|||⊙ Ara mateix, ⊙ells/elles/vostès | (pastissos)|⊙ Ara mateix, ⊙ells/elles/vostès {{c1::fan::…fer…}} (pastissos)|present|indicatiu|-er|ells/elles/vostès| present indicatiu -er ells/elles/vostès fer 
438|⊙ Ara mateix, ⊙jo {{c1::puedo::…poder…}} (descansar)| ends_in_er extreme_irregularity in_the_wild irregular_form irregular_verb modismo poder presente yo |poder|poder|1|S|I|P|0|⊙ Ahora mismo, ⊙yo {{c1::puedo::…poder…}} (descansar)|puc|VMIP1S00|central|M|0|||⊙ Ara mateix, ⊙jo | (descansar)|⊙ Ara mateix, ⊙jo {{c1::puc::…poder…}} (descansar)|present|indicatiu|-er|jo| present indicatiu -er jo poder 
439|⊙ Ara mateix, ⊙tu {{c1::puedes::…poder…}} (descansar)| ends_in_er extreme_irregularity in_the_wild irregular_form irregular_verb poder presente refrán tú tú_vos |poder|poder|2|S|I|P|0|⊙ Ahora mismo, ⊙tú {{c1::puedes::…poder…}} (descansar)|pots|VMIP2S00|central|M|0|||⊙ Ara mateix, ⊙tu | (descansar)|⊙ Ara mateix, ⊙tu {{c1::pots::…poder…}} (descansar)|present|indicatiu|-er|tu| present indicatiu -er tu poder 
440|⊙ Ara mateix, ⊙ell/ella/vostè {{c1::puede::…poder…}} (descansar)| dicho ends_in_er extreme_irregularity in_the_wild irregular_form irregular_verb poder presente él_ella_usted |poder|poder|3|S|I|P|0|⊙ Ahora mismo, ⊙él/ella/usted {{c1::puede::…poder…}} (descansar)|pot|VMIP3S00|central|M|0|||⊙ Ara mateix, ⊙ell/ella/vostè | (descansar)|⊙ Ara mateix, ⊙ell/ella/vostè {{c1::pot::…poder…}} (descansar)|present|indicatiu|-er|ell/ella/vostè| present indicatiu -er ell/ella/vostè poder 
441|⊙ Ara mateix, ⊙nosaltres {{c1::podemos::…poder…}} (descansar)| ends_in_er extreme_irregularity irregular_verb nosotros poder presente regular_form |poder|poder|1|P|I|P|0|⊙ Ahora mismo, ⊙nosotros {{c1::podemos::…poder…}} (descansar)|podem|VMIP1P00|central|M|0|||⊙ Ara mateix, ⊙nosaltres | (descansar)|⊙ Ara mateix, ⊙nosaltres {{c1::podem::…poder…}} (descansar)|present|indicatiu|-er|nosaltres| present indicatiu -er nosaltres poder 
442|⊙ Ara mateix, ⊙vosaltres {{c1::podéis::…poder…}} (descansar)| ends_in_er extreme_irregularity irregular_verb poder presente regular_form vosotros |poder|poder|2|P|I|P|0|⊙ Ahora mismo, ⊙vosotros {{c1::podéis::…poder…}} (descansar)|podeu|VMIP2P00|central|M|0|||⊙ Ara mateix, ⊙vosaltres | (descansar)|⊙ Ara mateix, ⊙vosaltres {{c1::podeu::…poder…}} (descansar)|present|indicatiu|-er|vosaltres| present indicatiu -er vosaltres poder 
443|⊙ Ara mateix, ⊙ells/elles/vostès {{c1::pueden::…poder…}} (descansar)| ellos_ellas_ustedes ends_in_er extreme_irregularity in_the_wild irregular_form irregular_verb modismo poder presente |poder|poder|3|P|I|P|0|⊙ Ahora mismo, ⊙ellos/ellas/ustedes {{c1::pueden::…poder…}} (descansar)|poden|VMIP3P00|central|M|0|||⊙ Ara mateix, ⊙ells/elles/vostès | (descansar)|⊙ Ara mateix, ⊙ells/elles/vostès {{c1::poden::…poder…}} (descansar)|present|indicatiu|-er|ells/elles/vostès| present indicatiu -er ells/elles/vostès poder 
487|⊙ Ara mateix, ⊙jo {{c1::voy::…ir…}} (a Sevilla)| ends_in_ir extreme_irregularity ir irregular_form irregular_verb presente yo |ir|anar|1|S|I|P|0|⊙ Ahora mismo, ⊙yo {{c1::voy::…ir…}} (a Sevilla)|vaig|VMIP1S00|central|M|0|||⊙ Ara mateix, ⊙jo | (a Sevilla)|⊙ Ara mateix, ⊙jo {{c1::vaig::…anar…}} (a Sevilla)|present|indicatiu|-ar|jo| present indicatiu -ar jo anar 
488|⊙ Ara mateix, ⊙tu {{c1::vas::…ir…}} (a Sevilla)| ends_in_ir extreme_irregularity ir irregular_form irregular_verb presente tú_vos |ir|anar|2|S|I|P|0|⊙ Ahora mismo, ⊙tú/vos {{c1::vas::…ir…}} (a Sevilla)|vas|VMIP2S00|central|M|0|||⊙ Ara mateix, ⊙tu | (a Sevilla)|⊙ Ara mateix, ⊙tu {{c1::vas::…anar…}} (a Sevilla)|present|indicatiu|-ar|tu| present indicatiu -ar tu anar 
489|⊙ Ara mateix, ⊙ell/ella/vostè {{c1::va::…ir…}} (a Sevilla)| ends_in_ir extreme_irregularity in_the_wild ir irregular_form irregular_verb modismo presente él_ella_usted |ir|anar|3|S|I|P|0|⊙ Ahora mismo, ⊙él/ella/usted {{c1::va::…ir…}} (a Sevilla)|va|VMIP3S00|central|M|0|||⊙ Ara mateix, ⊙ell/ella/vostè | (a Sevilla)|⊙ Ara mateix, ⊙ell/ella/vostè {{c1::va::…anar…}} (a Sevilla)|present|indicatiu|-ar|ell/ella/vostè| present indicatiu -ar ell/ella/vostè anar 
490|⊙ Ara mateix, ⊙nosaltres {{c1::vamos::…ir…}} (a Sevilla)| ends_in_ir extreme_irregularity ir irregular_form irregular_verb nosotros presente |ir|anar|1|P|I|P|0|⊙ Ahora mismo, ⊙nosotros {{c1::vamos::…ir…}} (a Sevilla)|anem|VMIP1P00|central|M|0|||⊙ Ara mateix, ⊙nosaltres | (a Sevilla)|⊙ Ara mateix, ⊙nosaltres {{c1::anem::…anar…}} (a Sevilla)|present|indicatiu|-ar|nosaltres| present indicatiu -ar nosaltres anar 
491|⊙ Ara mateix, ⊙vosaltres {{c1::vais::…ir…}} (a Sevilla)| ends_in_ir extreme_irregularity ir irregular_form irregular_verb presente vosotros |ir|anar|2|P|I|P|0|⊙ Ahora mismo, ⊙vosotros {{c1::vais::…ir…}} (a Sevilla)|aneu|VMIP2P00|central|M|0|||⊙ Ara mateix, ⊙vosaltres | (a Sevilla)|⊙ Ara mateix, ⊙vosaltres {{c1::aneu::…anar…}} (a Sevilla)|present|indicatiu|-ar|vosaltres| present indicatiu -ar vosaltres anar 
492|⊙ Ara mateix, ⊙ells/elles/vostès {{c1::van::…ir…}} (a Sevilla)| ellos_ellas_ustedes ends_in_ir extreme_irregularity ir irregular_form irregular_verb presente |ir|anar|3|P|I|P|0|⊙ Ahora mismo, ⊙ellos/ellas/ustedes {{c1::van::…ir…}} (a Sevilla)|van|VMIP3P00|central|M|0|||⊙ Ara mateix, ⊙ells/elles/vostès | (a Sevilla)|⊙ Ara mateix, ⊙ells/elles/vostès {{c1::van::…anar…}} (a Sevilla)|present|indicatiu|-ar|ells/elles/vostès| present indicatiu -ar ells/elles/vostès anar 
536|⊙ Ara mateix, ⊙jo {{c1::doy::…dar…}} (classes)| dar ends_in_ar high_irregularity irregular_form irregular_verb presente yo |dar|donar|1|S|I|P|0|⊙ Ahora mismo, ⊙yo {{c1::doy::…dar…}} (clases)|dono|VMIP1S0C|central|M|0|||⊙ Ara mateix, ⊙jo | (classes)|⊙ Ara mateix, ⊙jo {{c1::dono::…donar…}} (classes)|present|indicatiu|-ar|jo| present indicatiu -ar jo donar 
537|⊙ Ara mateix, ⊙tu {{c1::das::…dar…}} (classes)| dar ends_in_ar high_irregularity irregular_verb presente regular_form tú_vos |dar|donar|2|S|I|P|0|⊙ Ahora mismo, ⊙tú/vos {{c1::das::…dar…}} (clases)|dones|VMIP2S00|central|M|0|||⊙ Ara mateix, ⊙tu | (classes)|⊙ Ara mateix, ⊙tu {{c1::dones::…donar…}} (classes)|present|indicatiu|-ar|tu| present indicatiu -ar tu donar 
538|⊙ Ara mateix, ⊙ell/ella/vostè {{c1::da::…dar…}} (classes)| dar dicho ends_in_ar high_irregularity in_the_wild irregular_verb presente regular_form él_ella_usted |dar|donar|3|S|I|P|0|⊙ Ahora mismo, ⊙él/ella/usted {{c1::da::…dar…}} (clases)|dona|VMIP3S00|central|M|0|||⊙ Ara mateix, ⊙ell/ella/vostè | (classes)|⊙ Ara mateix, ⊙ell/ella/vostè {{c1::dona::…donar…}} (classes)|present|indicatiu|-ar|ell/ella/vostè| present indicatiu -ar ell/ella/vostè donar 
539|⊙ Ara mateix, ⊙nosaltres {{c1::damos::…dar…}} (classes)| dar ends_in_ar high_irregularity irregular_verb nosotros presente regular_form |dar|donar|1|P|I|P|0|⊙ Ahora mismo, ⊙nosotros {{c1::damos::…dar…}} (clases)|donem|VMIP1P00|central|M|0|||⊙ Ara mateix, ⊙nosaltres | (classes)|⊙ Ara mateix, ⊙nosaltres {{c1::donem::…donar…}} (classes)|present|indicatiu|-ar|nosaltres| present indicatiu -ar nosaltres donar 
540|⊙ Ara mateix, ⊙vosaltres {{c1::dais::…dar…}} (classes)| dar ends_in_ar high_irregularity irregular_form irregular_verb presente vosotros |dar|donar|2|P|I|P|0|⊙ Ahora mismo, ⊙vosotros {{c1::dais::…dar…}} (clases)|doneu|VMIP2P00|central|M|0|||⊙ Ara mateix, ⊙vosaltres | (classes)|⊙ Ara mateix, ⊙vosaltres {{c1::doneu::…donar…}} (classes)|present|indicatiu|-ar|vosaltres| present indicatiu -ar vosaltres donar 
541|⊙ Ara mateix, ⊙ells/elles/vostès {{c1::dan::…dar…}} (classes)| dar ellos_ellas_ustedes ends_in_ar high_irregularity irregular_verb presente regular_form |dar|donar|3|P|I|P|0|⊙ Ahora mismo, ⊙ellos/ellas/ustedes {{c1::dan::…dar…}} (clases)|donen|VMIP3P00|central|M|0|||⊙ Ara mateix, ⊙ells/elles/vostès | (classes)|⊙ Ara mateix, ⊙ells/elles/vostès {{c1::donen::…donar…}} (classes)|present|indicatiu|-ar|ells/elles/vostès| present indicatiu -ar ells/elles/vostès donar 
585|⊙ Ara mateix, ⊙jo {{c1::veo::…ver…}} (a varios metges)| ends_in_er irregular_form irregular_verb moderate_irregularity presente ver yo |ver|veure|1|S|I|P|0|⊙ Ahora mismo, ⊙yo {{c1::veo::…ver…}} (a varios médicos)|veig|VMIP1S00|central|M|0|||⊙ Ara mateix, ⊙jo | (a varios metges)|⊙ Ara mateix, ⊙jo {{c1::veig::…veure…}} (a varios metges)|present|indicatiu|-re|jo| present indicatiu -re jo veure 
586|⊙ Ara mateix, ⊙tu {{c1::ves::…ver…}} (a varios metges)| ends_in_er in_the_wild irregular_verb moderate_irregularity presente refrán regular_form tú_vos ver |ver|veure|2|S|I|P|0|⊙ Ahora mismo, ⊙tú/vos {{c1::ves::…ver…}} (a varios médicos)|veus|VMIP2S00|central|M|0|||⊙ Ara mateix, ⊙tu | (a varios metges)|⊙ Ara mateix, ⊙tu {{c1::veus::…veure…}} (a varios metges)|present|indicatiu|-re|tu| present indicatiu -re tu veure 
587|⊙ Ara mateix, ⊙ell/ella/vostè {{c1::ve::…ver…}} (a varios metges)| ends_in_er irregular_verb moderate_irregularity presente regular_form ver él_ella_usted |ver|veure|3|S|I|P|0|⊙ Ahora mismo, ⊙él/ella/usted {{c1::ve::…ver…}} (a varios médicos)|veu|VMIP3S00|central|M|0|||⊙ Ara mateix, ⊙ell/ella/vostè | (a varios metges)|⊙ Ara mateix, ⊙ell/ella/vostè {{c1::veu::…veure…}} (a varios metges)|present|indicatiu|-re|ell/ella/vostè| present indicatiu -re ell/ella/vostè veure 
588|⊙ Ara mateix, ⊙nosaltres {{c1::vemos::…ver…}} (a varios metges)| ends_in_er irregular_verb moderate_irregularity nosotros presente regular_form ver |ver|veure|1|P|I|P|0|⊙ Ahora mismo, ⊙nosotros {{c1::vemos::…ver…}} (a varios médicos)|veiem|VMIP1P00|central|M|0|||⊙ Ara mateix, ⊙nosaltres | (a varios metges)|⊙ Ara mateix, ⊙nosaltres {{c1::veiem::…veure…}} (a varios metges)|present|indicatiu|-re|nosaltres| present indicatiu -re nosaltres veure 
589|⊙ Ara mateix, ⊙vosaltres {{c1::veis::…ver…}} (a varios metges)| ends_in_er irregular_form irregular_verb moderate_irregularity presente ver vosotros |ver|veure|2|P|I|P|0|⊙ Ahora mismo, ⊙vosotros {{c1::veis::…ver…}} (a varios médicos)|veieu|VMIP2P00|central|M|0|||⊙ Ara mateix, ⊙vosaltres | (a varios metges)|⊙ Ara mateix, ⊙vosaltres {{c1::veieu::…veure…}} (a varios metges)|present|indicatiu|-re|vosaltres| present indicatiu -re vosaltres veure 
590|⊙ Ara mateix, ⊙ells/elles/vostès {{c1::ven::…ver…}} (a varios metges)| ellos_ellas_ustedes ends_in_er irregular_verb moderate_irregularity presente regular_form ver |ver|veure|3|P|I|P|0|⊙ Ahora mismo, ⊙ellos/ellas/ustedes {{c1::ven::…ver…}} (a varios médicos)|veuen|VMIP3P00|central|M|0|||⊙ Ara mateix, ⊙ells/elles/vostès | (a varios metges)|⊙ Ara mateix, ⊙ells/elles/vostès {{c1::veuen::…veure…}} (a varios metges)|present|indicatiu|-re|ells/elles/vostès| present indicatiu -re ells/elles/vostès veure 
634|⊙ Ara mateix, ⊙jo {{c1::sé::…saber…}} (de que es tracta)| ends_in_er extreme_irregularity irregular_form irregular_verb presente saber yo |saber|saber|1|S|I|P|0|⊙ Ahora mismo, ⊙yo {{c1::sé::…saber…}} (de qué se trata)|sé|VMIP1S00|central|M|0|||⊙ Ara mateix, ⊙jo | (de que es tracta)|⊙ Ara mateix, ⊙jo {{c1::sé::…saber…}} (de que es tracta)|present|indicatiu|-er|jo| present indicatiu -er jo saber 
635|⊙ Ara mateix, ⊙tu {{c1::sabes::…saber…}} (de que es tracta)| ends_in_er extreme_irregularity in_the_wild irregular_verb modismo presente regular_form saber tú tú_vos |saber|saber|2|S|I|P|0|⊙ Ahora mismo, ⊙tú {{c1::sabes::…saber…}} (de qué se trata)|saps|VMIP2S00|central|M|0|||⊙ Ara mateix, ⊙tu | (de que es tracta)|⊙ Ara mateix, ⊙tu {{c1::saps::…saber…}} (de que es tracta)|present|indicatiu|-er|tu| present indicatiu -er tu saber 
636|⊙ Ara mateix, ⊙ell/ella/vostè {{c1::sabe::…saber…}} (de que es tracta)| ends_in_er extreme_irregularity in_the_wild irregular_verb presente refrán regular_form saber él_ella_usted |saber|saber|3|S|I|P|0|⊙ Ahora mismo, ⊙él/ella/usted {{c1::sabe::…saber…}} (de qué se trata)|sap|VMIP3S00|central|M|0|||⊙ Ara mateix, ⊙ell/ella/vostè | (de que es tracta)|⊙ Ara mateix, ⊙ell/ella/vostè {{c1::sap::…saber…}} (de que es tracta)|present|indicatiu|-er|ell/ella/vostè| present indicatiu -er ell/ella/vostè saber 
637|⊙ Ara mateix, ⊙nosaltres {{c1::sabemos::…saber…}} (de que es tracta)| ends_in_er extreme_irregularity irregular_verb nosotros presente regular_form saber |saber|saber|1|P|I|P|0|⊙ Ahora mismo, ⊙nosotros {{c1::sabemos::…saber…}} (de qué se trata)|sabem|VMIP1P00|central|M|0|||⊙ Ara mateix, ⊙nosaltres | (de que es tracta)|⊙ Ara mateix, ⊙nosaltres {{c1::sabem::…saber…}} (de que es tracta)|present|indicatiu|-er|nosaltres| present indicatiu -er nosaltres saber 
638|⊙ Ara mateix, ⊙vosaltres {{c1::sabéis::…saber…}} (de que es tracta)| ends_in_er extreme_irregularity irregular_verb presente regular_form saber vosotros |saber|saber|2|P|I|P|0|⊙ Ahora mismo, ⊙vosotros {{c1::sabéis::…saber…}} (de qué se trata)|sabeu|VMIP2P00|central|M|0|||⊙ Ara mateix, ⊙vosaltres | (de que es tracta)|⊙ Ara mateix, ⊙vosaltres {{c1::sabeu::…saber…}} (de que es tracta)|present|indicatiu|-er|vosaltres| present indicatiu -er vosaltres saber 
639|⊙ Ara mateix, ⊙ells/elles/vostès {{c1::saben::…saber…}} (de que es tracta)| ellos_ellas_ustedes ends_in_er extreme_irregularity irregular_verb presente regular_form saber |saber|saber|3|P|I|P|0|⊙ Ahora mismo, ⊙ellos/ellas/ustedes {{c1::saben::…saber…}} (de qué se trata)|saben|VMIP3P00|central|M|0|||⊙ Ara mateix, ⊙ells/elles/vostès | (de que es tracta)|⊙ Ara mateix, ⊙ells/elles/vostès {{c1::saben::…saber…}} (de que es tracta)|present|indicatiu|-er|ells/elles/vostès| present indicatiu -er ells/elles/vostès saber 
683|⊙ Ara mateix, ⊙jo {{c1::quiero::…querer…}} (descansar)| ends_in_er extreme_irregularity irregular_form irregular_verb presente querer yo |querer|voler|1|S|I|P|0|⊙ Ahora mismo, ⊙yo {{c1::quiero::…querer…}} (descansar)|vull|VMIP1S00|central|M|0|||⊙ Ara mateix, ⊙jo | (descansar)|⊙ Ara mateix, ⊙jo {{c1::vull::…voler…}} (descansar)|present|indicatiu|-er|jo| present indicatiu -er jo voler 
684|⊙ Ara mateix, ⊙tu {{c1::quieres::…querer…}} (descansar)| dicho ends_in_er extreme_irregularity in_the_wild irregular_form irregular_verb presente querer tú tú_vos |querer|voler|2|S|I|P|0|⊙ Ahora mismo, ⊙tú {{c1::quieres::…querer…}} (descansar)|vols|VMIP2S00|central|M|0|||⊙ Ara mateix, ⊙tu | (descansar)|⊙ Ara mateix, ⊙tu {{c1::vols::…voler…}} (descansar)|present|indicatiu|-er|tu| present indicatiu -er tu voler 
685|⊙ Ara mateix, ⊙ell/ella/vostè {{c1::quiere::…querer…}} (descansar)| ends_in_er extreme_irregularity in_the_wild irregular_form irregular_verb presente querer refrán él_ella_usted |querer|voler|3|S|I|P|0|⊙ Ahora mismo, ⊙él/ella/usted {{c1::quiere::…querer…}} (descansar)|vol|VMIP3S00|central|M|0|||⊙ Ara mateix, ⊙ell/ella/vostè | (descansar)|⊙ Ara mateix, ⊙ell/ella/vostè {{c1::vol::…voler…}} (descansar)|present|indicatiu|-er|ell/ella/vostè| present indicatiu -er ell/ella/vostè voler 
686|⊙ Ara mateix, ⊙nosaltres {{c1::queremos::…querer…}} (descansar)| ends_in_er extreme_irregularity irregular_verb nosotros presente querer regular_form |querer|voler|1|P|I|P|0|⊙ Ahora mismo, ⊙nosotros {{c1::queremos::…querer…}} (descansar)|volem|VMIP1P00|central|M|0|||⊙ Ara mateix, ⊙nosaltres | (descansar)|⊙ Ara mateix, ⊙nosaltres {{c1::volem::…voler…}} (descansar)|present|indicatiu|-er|nosaltres| present indicatiu -er nosaltres voler 
687|⊙ Ara mateix, ⊙vosaltres {{c1::queréis::…querer…}} (descansar)| dicho ends_in_er extreme_irregularity in_the_wild irregular_verb presente querer regular_form vosotros |querer|voler|2|P|I|P|0|⊙ Ahora mismo, ⊙vosotros {{c1::queréis::…querer…}} (descansar)|voleu|VMIP2P00|central|M|0|||⊙ Ara mateix, ⊙vosaltres | (descansar)|⊙ Ara mateix, ⊙vosaltres {{c1::voleu::…voler…}} (descansar)|present|indicatiu|-er|vosaltres| present indicatiu -er vosaltres voler 
688|⊙ Ara mateix, ⊙ells/elles/vostès {{c1::quieren::…querer…}} (descansar)| ellos_ellas_ustedes ends_in_er extreme_irregularity in_the_wild irregular_form irregular_verb modismo presente querer |querer|voler|3|P|I|P|0|⊙ Ahora mismo, ⊙ellos/ellas/ustedes {{c1::quieren::…querer…}} (descansar)|volen|VMIP3P00|central|M|0|||⊙ Ara mateix, ⊙ells/elles/vostès | (descansar)|⊙ Ara mateix, ⊙ells/elles/vostès {{c1::volen::…voler…}} (descansar)|present|indicatiu|-er|ells/elles/vostès| present indicatiu -er ells/elles/vostès voler 
732|⊙ Ara mateix, ⊙jo {{c1::creo::…creer…}} (en el que diu en Javier)| creer ends_in_er irregular_verb low_irregularity presente regular_form yo |creer|creure|1|S|I|P|0|⊙ Ahora mismo, ⊙yo {{c1::creo::…creer…}} (en lo que dice Javier)|crec|VMIP1S00|central|M|0|||⊙ Ara mateix, ⊙jo | (en el que diu en Javier)|⊙ Ara mateix, ⊙jo {{c1::crec::…creure…}} (en el que diu en Javier)|present|indicatiu|-re|jo| present indicatiu -re jo creure 
733|⊙ Ara mateix, ⊙tu {{c1::crees::…creer…}} (en el que diu en Javier)| creer ends_in_er irregular_verb low_irregularity presente regular_form tú tú_vos |creer|creure|2|S|I|P|0|⊙ Ahora mismo, ⊙tú {{c1::crees::…creer…}} (en lo que dice Javier)|creus|VMIP2S00|central|M|0|||⊙ Ara mateix, ⊙tu | (en el que diu en Javier)|⊙ Ara mateix, ⊙tu {{c1::creus::…creure…}} (en el que diu en Javier)|present|indicatiu|-re|tu| present indicatiu -re tu creure 
734|⊙ Ara mateix, ⊙ell/ella/vostè {{c1::cree::…creer…}} (en el que diu en Javier)| creer dicho ends_in_er in_the_wild irregular_verb low_irregularity presente regular_form él_ella_usted |creer|creure|3|S|I|P|0|⊙ Ahora mismo, ⊙él/ella/usted {{c1::cree::…creer…}} (en lo que dice Javier)|creu|VMIP3S00|central|M|0|||⊙ Ara mateix, ⊙ell/ella/vostè | (en el que diu en Javier)|⊙ Ara mateix, ⊙ell/ella/vostè {{c1::creu::…creure…}} (en el que diu en Javier)|present|indicatiu|-re|ell/ella/vostè| present indicatiu -re ell/ella/vostè creure 
735|⊙ Ara mateix, ⊙nosaltres {{c1::creemos::…creer…}} (en el que diu en Javier)| creer ends_in_er irregular_verb low_irregularity nosotros presente regular_form |creer|creure|1|P|I|P|0|⊙ Ahora mismo, ⊙nosotros {{c1::creemos::…creer…}} (en lo que dice Javier)|creiem|VMIP1P00|central|M|0|||⊙ Ara mateix, ⊙nosaltres | (en el que diu en Javier)|⊙ Ara mateix, ⊙nosaltres {{c1::creiem::…creure…}} (en el que diu en Javier)|present|indicatiu|-re|nosaltres| present indicatiu -re nosaltres creure 
736|⊙ Ara mateix, ⊙vosaltres {{c1::creéis::…creer…}} (en el que diu en Javier)| creer ends_in_er irregular_verb low_irregularity presente regular_form vosotros |creer|creure|2|P|I|P|0|⊙ Ahora mismo, ⊙vosotros {{c1::creéis::…creer…}} (en lo que dice Javier)|creieu|VMIP2P00|central|M|0|||⊙ Ara mateix, ⊙vosaltres | (en el que diu en Javier)|⊙ Ara mateix, ⊙vosaltres {{c1::creieu::…creure…}} (en el que diu en Javier)|present|indicatiu|-re|vosaltres| present indicatiu -re vosaltres creure 
737|⊙ Ara mateix, ⊙ells/elles/vostès {{c1::creen::…creer…}} (en el que diu en Javier)| creer ellos_ellas_ustedes ends_in_er in_the_wild irregular_verb low_irregularity modismo presente regular_form |creer|creure|3|P|I|P|0|⊙ Ahora mismo, ⊙ellos/ellas/ustedes {{c1::creen::…creer…}} (en lo que dice Javier)|creuen|VMIP3P00|central|M|0|||⊙ Ara mateix, ⊙ells/elles/vostès | (en el que diu en Javier)|⊙ Ara mateix, ⊙ells/elles/vostès {{c1::creuen::…creure…}} (en el que diu en Javier)|present|indicatiu|-re|ells/elles/vostès| present indicatiu -re ells/elles/vostès creure 
781|⊙ Ara mateix, ⊙jo {{c1::pongo::…poner…}} (diners en la mesa)| ends_in_er extreme_irregularity irregular_form irregular_verb poner presente yo |poner|posar|1|S|I|P|0|⊙ Ahora mismo, ⊙yo {{c1::pongo::…poner…}} (dinero en la mesa)|poso|VMIP1S0C|central|M|0|||⊙ Ara mateix, ⊙jo | (diners en la mesa)|⊙ Ara mateix, ⊙jo {{c1::poso::…posar…}} (diners en la mesa)|present|indicatiu|-ar|jo| present indicatiu -ar jo posar 
782|⊙ Ara mateix, ⊙tu {{c1::pones::…poner…}} (diners en la mesa)| ends_in_er extreme_irregularity irregular_verb poner presente regular_form tú tú_vos |poner|posar|2|S|I|P|0|⊙ Ahora mismo, ⊙tú {{c1::pones::…poner…}} (dinero en la mesa)|poses|VMIP2S00|central|M|0|||⊙ Ara mateix, ⊙tu | (diners en la mesa)|⊙ Ara mateix, ⊙tu {{c1::poses::…posar…}} (diners en la mesa)|present|indicatiu|-ar|tu| present indicatiu -ar tu posar 
783|⊙ Ara mateix, ⊙ell/ella/vostè {{c1::pone::…poner…}} (diners en la mesa)| ends_in_er extreme_irregularity in_the_wild irregular_verb poner presente refrán regular_form él_ella_usted |poner|posar|3|S|I|P|0|⊙ Ahora mismo, ⊙él/ella/usted {{c1::pone::…poner…}} (dinero en la mesa)|posa|VMIP3S00|central|M|0|||⊙ Ara mateix, ⊙ell/ella/vostè | (diners en la mesa)|⊙ Ara mateix, ⊙ell/ella/vostè {{c1::posa::…posar…}} (diners en la mesa)|present|indicatiu|-ar|ell/ella/vostè| present indicatiu -ar ell/ella/vostè posar 
784|⊙ Ara mateix, ⊙nosaltres {{c1::ponemos::…poner…}} (diners en la mesa)| ends_in_er extreme_irregularity irregular_verb nosotros poner presente regular_form |poner|posar|1|P|I|P|0|⊙ Ahora mismo, ⊙nosotros {{c1::ponemos::…poner…}} (dinero en la mesa)|posem|VMIP1P00|central|M|0|||⊙ Ara mateix, ⊙nosaltres | (diners en la mesa)|⊙ Ara mateix, ⊙nosaltres {{c1::posem::…posar…}} (diners en la mesa)|present|indicatiu|-ar|nosaltres| present indicatiu -ar nosaltres posar 
785|⊙ Ara mateix, ⊙vosaltres {{c1::ponéis::…poner…}} (diners en la mesa)| ends_in_er extreme_irregularity irregular_verb poner presente regular_form vosotros |poner|posar|2|P|I|P|0|⊙ Ahora mismo, ⊙vosotros {{c1::ponéis::…poner…}} (dinero en la mesa)|poseu|VMIP2P00|central|M|0|||⊙ Ara mateix, ⊙vosaltres | (diners en la mesa)|⊙ Ara mateix, ⊙vosaltres {{c1::poseu::…posar…}} (diners en la mesa)|present|indicatiu|-ar|vosaltres| present indicatiu -ar vosaltres posar 
786|⊙ Ara mateix, ⊙ells/elles/vostès {{c1::ponen::…poner…}} (diners en la mesa)| ellos_ellas_ustedes ends_in_er extreme_irregularity in_the_wild irregular_verb modismo poner presente regular_form |poner|posar|3|P|I|P|0|⊙ Ahora mismo, ⊙ellos/ellas/ustedes {{c1::ponen::…poner…}} (dinero en la mesa)|posen|VMIP3P00|central|M|0|||⊙ Ara mateix, ⊙ells/elles/vostès | (diners en la mesa)|⊙ Ara mateix, ⊙ells/elles/vostès {{c1::posen::…posar…}} (diners en la mesa)|present|indicatiu|-ar|ells/elles/vostès| present indicatiu -ar ells/elles/vostès posar 
830|⊙ Ara mateix, ⊙jo {{c1::parezco::…parecer…}} (feliç)| ends_in_er irregular_form irregular_verb low_irregularity parecer presente yo |parecer|semblar|1|S|I|P|0|⊙ Ahora mismo, ⊙yo {{c1::parezco::…parecer…}} (feliz)|semblo|VMIP1S0C|central|M|0|||⊙ Ara mateix, ⊙jo | (feliç)|⊙ Ara mateix, ⊙jo {{c1::semblo::…semblar…}} (feliç)|present|indicatiu|-ar|jo| present indicatiu -ar jo semblar 
831|⊙ Ara mateix, ⊙tu {{c1::pareces::…parecer…}} (feliç)| ends_in_er irregular_verb low_irregularity parecer presente regular_form tú tú_vos |parecer|semblar|2|S|I|P|0|⊙ Ahora mismo, ⊙tú {{c1::pareces::…parecer…}} (feliz)|sembles|VMIP2S00|central|M|0|||⊙ Ara mateix, ⊙tu | (feliç)|⊙ Ara mateix, ⊙tu {{c1::sembles::…semblar…}} (feliç)|present|indicatiu|-ar|tu| present indicatiu -ar tu semblar 
832|⊙ Ara mateix, ⊙ell/ella/vostè {{c1::parece::…parecer…}} (feliç)| ends_in_er in_the_wild irregular_verb low_irregularity modismo parecer presente regular_form él_ella_usted |parecer|semblar|3|S|I|P|0|⊙ Ahora mismo, ⊙él/ella/usted {{c1::parece::…parecer…}} (feliz)|sembla|VMIP3S00|central|M|0|||⊙ Ara mateix, ⊙ell/ella/vostè | (feliç)|⊙ Ara mateix, ⊙ell/ella/vostè {{c1::sembla::…semblar…}} (feliç)|present|indicatiu|-ar|ell/ella/vostè| present indicatiu -ar ell/ella/vostè semblar 
833|⊙ Ara mateix, ⊙nosaltres {{c1::parecemos::…parecer…}} (feliços)| ends_in_er irregular_verb low_irregularity nosotros parecer presente regular_form |parecer|semblar|1|P|I|P|0|⊙ Ahora mismo, ⊙nosotros {{c1::parecemos::…parecer…}} (felices)|semblem|VMIP1P00|central|M|0|||⊙ Ara mateix, ⊙nosaltres | (feliços)|⊙ Ara mateix, ⊙nosaltres {{c1::semblem::…semblar…}} (feliços)|present|indicatiu|-ar|nosaltres| present indicatiu -ar nosaltres semblar 
834|⊙ Ara mateix, ⊙vosaltres {{c1::parecéis::…parecer…}} (feliços)| ends_in_er irregular_verb low_irregularity parecer presente regular_form vosotros |parecer|semblar|2|P|I|P|0|⊙ Ahora mismo, ⊙vosotros {{c1::parecéis::…parecer…}} (felices)|sembleu|VMIP2P00|central|M|0|||⊙ Ara mateix, ⊙vosaltres | (feliços)|⊙ Ara mateix, ⊙vosaltres {{c1::sembleu::…semblar…}} (feliços)|present|indicatiu|-ar|vosaltres| present indicatiu -ar vosaltres semblar 
835|⊙ Ara mateix, ⊙ells/elles/vostès {{c1::parecen::…parecer…}} (feliços)| ellos_ellas_ustedes ends_in_er in_the_wild irregular_verb low_irregularity modismo parecer presente regular_form |parecer|semblar|3|P|I|P|0|⊙ Ahora mismo, ⊙ellos/ellas/ustedes {{c1::parecen::…parecer…}} (felices)|semblen|VMIP3P00|central|M|0|||⊙ Ara mateix, ⊙ells/elles/vostès | (feliços)|⊙ Ara mateix, ⊙ells/elles/vostès {{c1::semblen::…semblar…}} (feliços)|present|indicatiu|-ar|ells/elles/vostès| present indicatiu -ar ells/elles/vostès semblar 
879|⊙ Ara mateix, ⊙jo {{c1::sigo::…seguir…}} (parlant)| ends_in_ir high_irregularity irregular_form irregular_verb presente seguir yo |seguir|seguir|1|S|I|P|0|⊙ Ahora mismo, ⊙yo {{c1::sigo::…seguir…}} (hablando)|segueixo|VMIP1S0C|central|M|0|||⊙ Ara mateix, ⊙jo | (parlant)|⊙ Ara mateix, ⊙jo {{c1::segueixo::…seguir…}} (parlant)|present|indicatiu|-ir|jo| present indicatiu -ir jo seguir 
880|⊙ Ara mateix, ⊙tu {{c1::sigues::…seguir…}} (parlant)| ends_in_ir high_irregularity irregular_form irregular_verb presente seguir tú tú_vos |seguir|seguir|2|S|I|P|0|⊙ Ahora mismo, ⊙tú {{c1::sigues::…seguir…}} (hablando)|segueixes|VMIP2S00|central|M|0|||⊙ Ara mateix, ⊙tu | (parlant)|⊙ Ara mateix, ⊙tu {{c1::segueixes::…seguir…}} (parlant)|present|indicatiu|-ir|tu| present indicatiu -ir tu seguir 
881|⊙ Ara mateix, ⊙ell/ella/vostè {{c1::sigue::…seguir…}} (parlant)| ends_in_ir high_irregularity in_the_wild irregular_form irregular_verb presente refrán seguir él_ella_usted |seguir|seguir|3|S|I|P|0|⊙ Ahora mismo, ⊙él/ella/usted {{c1::sigue::…seguir…}} (hablando)|segueix|VMIP3S00|central|M|0|||⊙ Ara mateix, ⊙ell/ella/vostè | (parlant)|⊙ Ara mateix, ⊙ell/ella/vostè {{c1::segueix::…seguir…}} (parlant)|present|indicatiu|-ir|ell/ella/vostè| present indicatiu -ir ell/ella/vostè seguir 
882|⊙ Ara mateix, ⊙nosaltres {{c1::seguimos::…seguir…}} (parlant)| ends_in_ir high_irregularity irregular_verb nosotros presente regular_form seguir |seguir|seguir|1|P|I|P|0|⊙ Ahora mismo, ⊙nosotros {{c1::seguimos::…seguir…}} (hablando)|seguim|VMIP1P00|central|M|0|||⊙ Ara mateix, ⊙nosaltres | (parlant)|⊙ Ara mateix, ⊙nosaltres {{c1::seguim::…seguir…}} (parlant)|present|indicatiu|-ir|nosaltres| present indicatiu -ir nosaltres seguir 
883|⊙ Ara mateix, ⊙vosaltres {{c1::seguís::…seguir…}} (parlant)| ends_in_ir high_irregularity irregular_verb presente regular_form seguir vosotros |seguir|seguir|2|P|I|P|0|⊙ Ahora mismo, ⊙vosotros {{c1::seguís::…seguir…}} (hablando)|seguiu|VMIP2P00|central|M|0|||⊙ Ara mateix, ⊙vosaltres | (parlant)|⊙ Ara mateix, ⊙vosaltres {{c1::seguiu::…seguir…}} (parlant)|present|indicatiu|-ir|vosaltres| present indicatiu -ir vosaltres seguir 
884|⊙ Ara mateix, ⊙ells/elles/vostès {{c1::siguen::…seguir…}} (parlant)| ellos_ellas_ustedes ends_in_ir high_irregularity irregular_form irregular_verb presente seguir |seguir|seguir|3|P|I|P|0|⊙ Ahora mismo, ⊙ellos/ellas/ustedes {{c1::siguen::…seguir…}} (hablando)|segueixen|VMIP3P00|central|M|0|||⊙ Ara mateix, ⊙ells/elles/vostès | (parlant)|⊙ Ara mateix, ⊙ells/elles/vostès {{c1::segueixen::…seguir…}} (parlant)|present|indicatiu|-ir|ells/elles/vostès| present indicatiu -ir ells/elles/vostès seguir 
928|⊙ Ara mateix, ⊙jo {{c1::pienso::…pensar…}} (en Buenos Aires)| ends_in_ar irregular_form irregular_verb low_irregularity pensar presente yo |pensar|pensar|1|S|I|P|0|⊙ Ahora mismo, ⊙yo {{c1::pienso::…pensar…}} (en Buenos Aires)|penso|VMIP1S0C|central|M|0|||⊙ Ara mateix, ⊙jo | (en Buenos Aires)|⊙ Ara mateix, ⊙jo {{c1::penso::…pensar…}} (en Buenos Aires)|present|indicatiu|-ar|jo| present indicatiu -ar jo pensar 
929|⊙ Ara mateix, ⊙tu {{c1::piensas::…pensar…}} (en Buenos Aires)| ends_in_ar irregular_form irregular_verb low_irregularity pensar presente tú tú_vos |pensar|pensar|2|S|I|P|0|⊙ Ahora mismo, ⊙tú {{c1::piensas::…pensar…}} (en Buenos Aires)|penses|VMIP2S00|central|M|0|||⊙ Ara mateix, ⊙tu | (en Buenos Aires)|⊙ Ara mateix, ⊙tu {{c1::penses::…pensar…}} (en Buenos Aires)|present|indicatiu|-ar|tu| present indicatiu -ar tu pensar 
930|⊙ Ara mateix, ⊙ell/ella/vostè {{c1::piensa::…pensar…}} (en Buenos Aires)| cita ends_in_ar in_the_wild irregular_form irregular_verb low_irregularity pensar presente él_ella_usted |pensar|pensar|3|S|I|P|0|⊙ Ahora mismo, ⊙él/ella/usted {{c1::piensa::…pensar…}} (en Buenos Aires)|pensa|VMIP3S00|central|M|0|||⊙ Ara mateix, ⊙ell/ella/vostè | (en Buenos Aires)|⊙ Ara mateix, ⊙ell/ella/vostè {{c1::pensa::…pensar…}} (en Buenos Aires)|present|indicatiu|-ar|ell/ella/vostè| present indicatiu -ar ell/ella/vostè pensar 
931|⊙ Ara mateix, ⊙nosaltres {{c1::pensamos::…pensar…}} (en Buenos Aires)| ends_in_ar irregular_verb low_irregularity nosotros pensar presente regular_form |pensar|pensar|1|P|I|P|0|⊙ Ahora mismo, ⊙nosotros {{c1::pensamos::…pensar…}} (en Buenos Aires)|pensem|VMIP1P00|central|M|0|||⊙ Ara mateix, ⊙nosaltres | (en Buenos Aires)|⊙ Ara mateix, ⊙nosaltres {{c1::pensem::…pensar…}} (en Buenos Aires)|present|indicatiu|-ar|nosaltres| present indicatiu -ar nosaltres pensar 
932|⊙ Ara mateix, ⊙vosaltres {{c1::pensáis::…pensar…}} (en Buenos Aires)| ends_in_ar irregular_verb low_irregularity pensar presente regular_form vosotros |pensar|pensar|2|P|I|P|0|⊙ Ahora mismo, ⊙vosotros {{c1::pensáis::…pensar…}} (en Buenos Aires)|penseu|VMIP2P00|central|M|0|||⊙ Ara mateix, ⊙vosaltres | (en Buenos Aires)|⊙ Ara mateix, ⊙vosaltres {{c1::penseu::…pensar…}} (en Buenos Aires)|present|indicatiu|-ar|vosaltres| present indicatiu -ar vosaltres pensar 
933|⊙ Ara mateix, ⊙ells/elles/vostès {{c1::piensan::…pensar…}} (en Buenos Aires)| ellos_ellas_ustedes ends_in_ar irregular_form irregular_verb low_irregularity pensar presente |pensar|pensar|3|P|I|P|0|⊙ Ahora mismo, ⊙ellos/ellas/ustedes {{c1::piensan::…pensar…}} (en Buenos Aires)|pensen|VMIP3P00|central|M|0|||⊙ Ara mateix, ⊙ells/elles/vostès | (en Buenos Aires)|⊙ Ara mateix, ⊙ells/elles/vostès {{c1::pensen::…pensar…}} (en Buenos Aires)|present|indicatiu|-ar|ells/elles/vostès| present indicatiu -ar ells/elles/vostès pensar 
977|⊙ Ara mateix, ⊙jo {{c1::vengo::…venir…}} (per aquí)| ends_in_ir extreme_irregularity irregular_form irregular_verb presente venir yo |venir|venir|1|S|I|P|0|⊙ Ahora mismo, ⊙yo {{c1::vengo::…venir…}} (por aquí)|vinc|VMIP1S00|central|M|0|||⊙ Ara mateix, ⊙jo | (per aquí)|⊙ Ara mateix, ⊙jo {{c1::vinc::…venir…}} (per aquí)|present|indicatiu|-ir|jo| present indicatiu -ir jo venir 
978|⊙ Ara mateix, ⊙tu {{c1::vienes::…venir…}} (per aquí)| ends_in_ir extreme_irregularity irregular_form irregular_verb presente tú tú_vos venir |venir|venir|2|S|I|P|0|⊙ Ahora mismo, ⊙tú {{c1::vienes::…venir…}} (por aquí)|vens|VMIP2S00|central|M|0|||⊙ Ara mateix, ⊙tu | (per aquí)|⊙ Ara mateix, ⊙tu {{c1::vens::…venir…}} (per aquí)|present|indicatiu|-ir|tu| present indicatiu -ir tu venir 
979|⊙ Ara mateix, ⊙ell/ella/vostè {{c1::viene::…venir…}} (per aquí)| ends_in_ir extreme_irregularity in_the_wild irregular_form irregular_verb modismo presente venir él_ella_usted |venir|venir|3|S|I|P|0|⊙ Ahora mismo, ⊙él/ella/usted {{c1::viene::…venir…}} (por aquí)|ve|VMIP3S00|central|M|0|||⊙ Ara mateix, ⊙ell/ella/vostè | (per aquí)|⊙ Ara mateix, ⊙ell/ella/vostè {{c1::ve::…venir…}} (per aquí)|present|indicatiu|-ir|ell/ella/vostè| present indicatiu -ir ell/ella/vostè venir 
980|⊙ Ara mateix, ⊙nosaltres {{c1::venimos::…venir…}} (per aquí)| ends_in_ir extreme_irregularity irregular_verb nosotros presente regular_form venir |venir|venir|1|P|I|P|0|⊙ Ahora mismo, ⊙nosotros {{c1::venimos::…venir…}} (por aquí)|venim|VMIP1P00|central|M|0|||⊙ Ara mateix, ⊙nosaltres | (per aquí)|⊙ Ara mateix, ⊙nosaltres {{c1::venim::…venir…}} (per aquí)|present|indicatiu|-ir|nosaltres| present indicatiu -ir nosaltres venir 
981|⊙ Ara mateix, ⊙vosaltres {{c1::venís::…venir…}} (per aquí)| ends_in_ir extreme_irregularity irregular_verb presente regular_form venir vosotros |venir|venir|2|P|I|P|0|⊙ Ahora mismo, ⊙vosotros {{c1::venís::…venir…}} (por aquí)|veniu|VMIP2P00|central|M|0|||⊙ Ara mateix, ⊙vosaltres | (per aquí)|⊙ Ara mateix, ⊙vosaltres {{c1::veniu::…venir…}} (per aquí)|present|indicatiu|-ir|vosaltres| present indicatiu -ir vosaltres venir 
982|⊙ Ara mateix, ⊙ells/elles/vostès {{c1::vienen::…venir…}} (per aquí)| ellos_ellas_ustedes ends_in_ir extreme_irregularity irregular_form irregular_verb presente venir |venir|venir|3|P|I|P|0|⊙ Ahora mismo, ⊙ellos/ellas/ustedes {{c1::vienen::…venir…}} (por aquí)|venen|VMIP3P00|central|M|0|||⊙ Ara mateix, ⊙ells/elles/vostès | (per aquí)|⊙ Ara mateix, ⊙ells/elles/vostès {{c1::venen::…venir…}} (per aquí)|present|indicatiu|-ir|ells/elles/vostès| present indicatiu -ir ells/elles/vostès venir 
1026|⊙ Ara mateix, ⊙jo {{c1::encuentro::…encontrar…}} (dificultats)| encontrar ends_in_ar irregular_form irregular_verb low_irregularity presente yo |encontrar|trobar|1|S|I|P|0|⊙ Ahora mismo, ⊙yo {{c1::encuentro::…encontrar…}} (dificultades)|trobo|VMIP1S0C|central|M|0|||⊙ Ara mateix, ⊙jo | (dificultats)|⊙ Ara mateix, ⊙jo {{c1::trobo::…trobar…}} (dificultats)|present|indicatiu|-ar|jo| present indicatiu -ar jo trobar 
1027|⊙ Ara mateix, ⊙tu {{c1::encuentras::…encontrar…}} (dificultats)| encontrar ends_in_ar irregular_form irregular_verb low_irregularity presente tú tú_vos |encontrar|trobar|2|S|I|P|0|⊙ Ahora mismo, ⊙tú {{c1::encuentras::…encontrar…}} (dificultades)|trobes|VMIP2S00|central|M|0|||⊙ Ara mateix, ⊙tu | (dificultats)|⊙ Ara mateix, ⊙tu {{c1::trobes::…trobar…}} (dificultats)|present|indicatiu|-ar|tu| present indicatiu -ar tu trobar 
1028|⊙ Ara mateix, ⊙ell/ella/vostè {{c1::encuentra::…encontrar…}} (dificultats)| encontrar ends_in_ar irregular_form irregular_verb low_irregularity presente él_ella_usted |encontrar|trobar|3|S|I|P|0|⊙ Ahora mismo, ⊙él/ella/usted {{c1::encuentra::…encontrar…}} (dificultades)|troba|VMIP3S00|central|M|0|||⊙ Ara mateix, ⊙ell/ella/vostè | (dificultats)|⊙ Ara mateix, ⊙ell/ella/vostè {{c1::troba::…trobar…}} (dificultats)|present|indicatiu|-ar|ell/ella/vostè| present indicatiu -ar ell/ella/vostè trobar 
1029|⊙ Ara mateix, ⊙nosaltres {{c1::encontramos::…encontrar…}} (dificultats)| encontrar ends_in_ar irregular_verb low_irregularity nosotros presente regular_form |encontrar|trobar|1|P|I|P|0|⊙ Ahora mismo, ⊙nosotros {{c1::encontramos::…encontrar…}} (dificultades)|trobem|VMIP1P00|central|M|0|||⊙ Ara mateix, ⊙nosaltres | (dificultats)|⊙ Ara mateix, ⊙nosaltres {{c1::trobem::…trobar…}} (dificultats)|present|indicatiu|-ar|nosaltres| present indicatiu -ar nosaltres trobar 
1030|⊙ Ara mateix, ⊙vosaltres {{c1::encontráis::…encontrar…}} (dificultats)| encontrar ends_in_ar irregular_verb low_irregularity presente regular_form vosotros |encontrar|trobar|2|P|I|P|0|⊙ Ahora mismo, ⊙vosotros {{c1::encontráis::…encontrar…}} (dificultades)|trobeu|VMIP2P00|central|M|0|||⊙ Ara mateix, ⊙vosaltres | (dificultats)|⊙ Ara mateix, ⊙vosaltres {{c1::trobeu::…trobar…}} (dificultats)|present|indicatiu|-ar|vosaltres| present indicatiu -ar vosaltres trobar 
1031|⊙ Ara mateix, ⊙ells/elles/vostès {{c1::encuentran::…encontrar…}} (dificultats)| ellos_ellas_ustedes encontrar ends_in_ar irregular_form irregular_verb low_irregularity presente |encontrar|trobar|3|P|I|P|0|⊙ Ahora mismo, ⊙ellos/ellas/ustedes {{c1::encuentran::…encontrar…}} (dificultades)|troben|VMIP3P00|central|M|0|||⊙ Ara mateix, ⊙ells/elles/vostès | (dificultats)|⊙ Ara mateix, ⊙ells/elles/vostès {{c1::troben::…trobar…}} (dificultats)|present|indicatiu|-ar|ells/elles/vostès| present indicatiu -ar ells/elles/vostès trobar 
1075|⊙ Ara mateix, ⊙jo {{c1::salgo::…sortir…}} (la ciutat)| ends_in_ir irregular_form irregular_verb moderate_irregularity presente salir yo |salir|sortir|1|S|I|P|0|⊙ Ahora mismo, ⊙yo {{c1::salgo::…salir…}} (de la ciudad)|surto|VMIP1S0C|central|M|0|||⊙ Ara mateix, ⊙jo | (la ciutat)|⊙ Ara mateix, ⊙jo {{c1::surto::…sortir…}} (la ciutat)|present|indicatiu|-ir|jo| present indicatiu -ir jo sortir 
1076|⊙ Ara mateix, ⊙tu {{c1::sales::…sortir…}} (la ciutat)| ends_in_ir irregular_verb moderate_irregularity presente regular_form salir tú tú_vos |salir|sortir|2|S|I|P|0|⊙ Ahora mismo, ⊙tú {{c1::sales::…salir…}} (de la ciudad)|surts|VMIP2S00|central|M|0|||⊙ Ara mateix, ⊙tu | (la ciutat)|⊙ Ara mateix, ⊙tu {{c1::surts::…sortir…}} (la ciutat)|present|indicatiu|-ir|tu| present indicatiu -ir tu sortir 
1077|⊙ Ara mateix, ⊙ell/ella/vostè {{c1::sale::…sortir…}} (la ciutat)| ends_in_ir irregular_verb moderate_irregularity presente regular_form salir él_ella_usted |salir|sortir|3|S|I|P|0|⊙ Ahora mismo, ⊙él/ella/usted {{c1::sale::…salir…}} (de la ciudad)|surt|VMIP3S00|central|M|0|||⊙ Ara mateix, ⊙ell/ella/vostè | (la ciutat)|⊙ Ara mateix, ⊙ell/ella/vostè {{c1::surt::…sortir…}} (la ciutat)|present|indicatiu|-ir|ell/ella/vostè| present indicatiu -ir ell/ella/vostè sortir 
1078|⊙ Ara mateix, ⊙nosaltres {{c1::salimos::…sortir…}} (la ciutat)| ends_in_ir irregular_verb moderate_irregularity nosotros presente regular_form salir |salir|sortir|1|P|I|P|0|⊙ Ahora mismo, ⊙nosotros {{c1::salimos::…salir…}} (de la ciudad)|sortim|VMIP1P00|central|M|0|||⊙ Ara mateix, ⊙nosaltres | (la ciutat)|⊙ Ara mateix, ⊙nosaltres {{c1::sortim::…sortir…}} (la ciutat)|present|indicatiu|-ir|nosaltres| present indicatiu -ir nosaltres sortir 
1079|⊙ Ara mateix, ⊙vosaltres {{c1::salís::…sortir…}} (la ciutat)| ends_in_ir irregular_verb moderate_irregularity presente regular_form salir vosotros |salir|sortir|2|P|I|P|0|⊙ Ahora mismo, ⊙vosotros {{c1::salís::…salir…}} (de la ciudad)|sortiu|VMIP2P00|central|M|0|||⊙ Ara mateix, ⊙vosaltres | (la ciutat)|⊙ Ara mateix, ⊙vosaltres {{c1::sortiu::…sortir…}} (la ciutat)|present|indicatiu|-ir|vosaltres| present indicatiu -ir vosaltres sortir 
1080|⊙ Ara mateix, ⊙ells/elles/vostès {{c1::salen::…sortir…}} (la ciutat)| ellos_ellas_ustedes ends_in_ir irregular_verb moderate_irregularity presente regular_form salir |salir|sortir|3|P|I|P|0|⊙ Ahora mismo, ⊙ellos/ellas/ustedes {{c1::salen::…salir…}} (de la ciudad)|surten|VMIP3P00|central|M|0|||⊙ Ara mateix, ⊙ells/elles/vostès | (la ciutat)|⊙ Ara mateix, ⊙ells/elles/vostès {{c1::surten::…sortir…}} (la ciutat)|present|indicatiu|-ir|ells/elles/vostès| present indicatiu -ir ells/elles/vostès sortir 
1124|⊙ Ara mateix, ⊙jo {{c1::vuelvo::…volver…}} (a la ciutat)| ends_in_er irregular_form irregular_verb low_irregularity presente volver yo |volver|tornar|1|S|I|P|0|⊙ Ahora mismo, ⊙yo {{c1::vuelvo::…volver…}} (a la ciudad)|torno|VMIP1S0C|central|M|0|||⊙ Ara mateix, ⊙jo | (a la ciutat)|⊙ Ara mateix, ⊙jo {{c1::torno::…tornar…}} (a la ciutat)|present|indicatiu|-ar|jo| present indicatiu -ar jo tornar 
1125|⊙ Ara mateix, ⊙tu {{c1::vuelves::…volver…}} (a la ciutat)| ends_in_er irregular_form irregular_verb low_irregularity presente tú tú_vos volver |volver|tornar|2|S|I|P|0|⊙ Ahora mismo, ⊙tú {{c1::vuelves::…volver…}} (a la ciudad)|tornes|VMIP2S00|central|M|0|||⊙ Ara mateix, ⊙tu | (a la ciutat)|⊙ Ara mateix, ⊙tu {{c1::tornes::…tornar…}} (a la ciutat)|present|indicatiu|-ar|tu| present indicatiu -ar tu tornar 
1126|⊙ Ara mateix, ⊙ell/ella/vostè {{c1::vuelve::…volver…}} (a la ciutat)| ends_in_er irregular_form irregular_verb low_irregularity presente volver él_ella_usted |volver|tornar|3|S|I|P|0|⊙ Ahora mismo, ⊙él/ella/usted {{c1::vuelve::…volver…}} (a la ciudad)|torna|VMIP3S00|central|M|0|||⊙ Ara mateix, ⊙ell/ella/vostè | (a la ciutat)|⊙ Ara mateix, ⊙ell/ella/vostè {{c1::torna::…tornar…}} (a la ciutat)|present|indicatiu|-ar|ell/ella/vostè| present indicatiu -ar ell/ella/vostè tornar 
1127|⊙ Ara mateix, ⊙nosaltres {{c1::volvemos::…volver…}} (a la ciutat)| ends_in_er irregular_verb low_irregularity nosotros presente regular_form volver |volver|tornar|1|P|I|P|0|⊙ Ahora mismo, ⊙nosotros {{c1::volvemos::…volver…}} (a la ciudad)|tornem|VMIP1P00|central|M|0|||⊙ Ara mateix, ⊙nosaltres | (a la ciutat)|⊙ Ara mateix, ⊙nosaltres {{c1::tornem::…tornar…}} (a la ciutat)|present|indicatiu|-ar|nosaltres| present indicatiu -ar nosaltres tornar 
1128|⊙ Ara mateix, ⊙vosaltres {{c1::volvéis::…volver…}} (a la ciutat)| ends_in_er irregular_verb low_irregularity presente regular_form volver vosotros |volver|tornar|2|P|I|P|0|⊙ Ahora mismo, ⊙vosotros {{c1::volvéis::…volver…}} (a la ciudad)|torneu|VMIP2P00|central|M|0|||⊙ Ara mateix, ⊙vosaltres | (a la ciutat)|⊙ Ara mateix, ⊙vosaltres {{c1::torneu::…tornar…}} (a la ciutat)|present|indicatiu|-ar|vosaltres| present indicatiu -ar vosaltres tornar 
1129|⊙ Ara mateix, ⊙ells/elles/vostès {{c1::vuelven::…volver…}} (a la ciutat)| ellos_ellas_ustedes ends_in_er irregular_form irregular_verb low_irregularity presente volver |volver|tornar|3|P|I|P|0|⊙ Ahora mismo, ⊙ellos/ellas/ustedes {{c1::vuelven::…volver…}} (a la ciudad)|tornen|VMIP3P00|central|M|0|||⊙ Ara mateix, ⊙ells/elles/vostès | (a la ciutat)|⊙ Ara mateix, ⊙ells/elles/vostès {{c1::tornen::…tornar…}} (a la ciutat)|present|indicatiu|-ar|ells/elles/vostès| present indicatiu -ar ells/elles/vostès tornar 
1173|⊙ Ara mateix, ⊙jo {{c1::siento::…sentir…}} (orgull)| ends_in_ir high_irregularity irregular_form irregular_verb presente sentir yo |sentir|sentir|1|S|I|P|0|⊙ Ahora mismo, ⊙yo {{c1::siento::…sentir…}} (orgullo)|sento|VMIP1S0C|central|M|0|||⊙ Ara mateix, ⊙jo | (orgull)|⊙ Ara mateix, ⊙jo {{c1::sento::…sentir…}} (orgull)|present|indicatiu|-ir|jo| present indicatiu -ir jo sentir 
1174|⊙ Ara mateix, ⊙tu {{c1::sientes::…sentir…}} (orgull)| ends_in_ir high_irregularity irregular_form irregular_verb presente sentir tú tú_vos |sentir|sentir|2|S|I|P|0|⊙ Ahora mismo, ⊙tú {{c1::sientes::…sentir…}} (orgullo)|sents|VMIP2S00|central|M|0|||⊙ Ara mateix, ⊙tu | (orgull)|⊙ Ara mateix, ⊙tu {{c1::sents::…sentir…}} (orgull)|present|indicatiu|-ir|tu| present indicatiu -ir tu sentir 
1175|⊙ Ara mateix, ⊙ell/ella/vostè {{c1::siente::…sentir…}} (orgull)| ends_in_ir high_irregularity in_the_wild irregular_form irregular_verb presente refrán sentir él_ella_usted |sentir|sentir|3|S|I|P|0|⊙ Ahora mismo, ⊙él/ella/usted {{c1::siente::…sentir…}} (orgullo)|sent|VMIP3S00|central|M|0|||⊙ Ara mateix, ⊙ell/ella/vostè | (orgull)|⊙ Ara mateix, ⊙ell/ella/vostè {{c1::sent::…sentir…}} (orgull)|present|indicatiu|-ir|ell/ella/vostè| present indicatiu -ir ell/ella/vostè sentir 
1176|⊙ Ara mateix, ⊙nosaltres {{c1::sentimos::…sentir…}} (orgull)| ends_in_ir high_irregularity irregular_verb nosotros presente regular_form sentir |sentir|sentir|1|P|I|P|0|⊙ Ahora mismo, ⊙nosotros {{c1::sentimos::…sentir…}} (orgullo)|sentim|VMIP1P00|central|M|0|||⊙ Ara mateix, ⊙nosaltres | (orgull)|⊙ Ara mateix, ⊙nosaltres {{c1::sentim::…sentir…}} (orgull)|present|indicatiu|-ir|nosaltres| present indicatiu -ir nosaltres sentir 
1177|⊙ Ara mateix, ⊙vosaltres {{c1::sentís::…sentir…}} (orgull)| ends_in_ir high_irregularity irregular_verb presente regular_form sentir vosotros |sentir|sentir|2|P|I|P|0|⊙ Ahora mismo, ⊙vosotros {{c1::sentís::…sentir…}} (orgullo)|sentiu|VMIP2P00|central|M|0|||⊙ Ara mateix, ⊙vosaltres | (orgull)|⊙ Ara mateix, ⊙vosaltres {{c1::sentiu::…sentir…}} (orgull)|present|indicatiu|-ir|vosaltres| present indicatiu -ir vosaltres sentir 
1178|⊙ Ara mateix, ⊙ells/elles/vostès {{c1::sienten::…sentir…}} (orgull)| ellos_ellas_ustedes ends_in_ir high_irregularity irregular_form irregular_verb presente sentir |sentir|sentir|3|P|I|P|0|⊙ Ahora mismo, ⊙ellos/ellas/ustedes {{c1::sienten::…sentir…}} (orgullo)|senten|VMIP3P00|central|M|0|||⊙ Ara mateix, ⊙ells/elles/vostès | (orgull)|⊙ Ara mateix, ⊙ells/elles/vostès {{c1::senten::…sentir…}} (orgull)|present|indicatiu|-ir|ells/elles/vostès| present indicatiu -ir ells/elles/vostès sentir 
1222|⊙ Ara mateix, ⊙jo {{c1::produzco::…producir…}} (sons)| ends_in_ir high_irregularity irregular_form irregular_verb presente producir yo |producir|produir|1|S|I|P|0|⊙ Ahora mismo, ⊙yo {{c1::produzco::…producir…}} (sonidos)|produeixo|VMIP1S0C|central|M|0|||⊙ Ara mateix, ⊙jo | (sons)|⊙ Ara mateix, ⊙jo {{c1::produeixo::…produir…}} (sons)|present|indicatiu|-ir|jo| present indicatiu -ir jo produir 
1223|⊙ Ara mateix, ⊙tu {{c1::produces::…producir…}} (sons)| ends_in_ir high_irregularity irregular_verb presente producir regular_form tú tú_vos |producir|produir|2|S|I|P|0|⊙ Ahora mismo, ⊙tú {{c1::produces::…producir…}} (sonidos)|produeixes|VMIP2S00|central|M|0|||⊙ Ara mateix, ⊙tu | (sons)|⊙ Ara mateix, ⊙tu {{c1::produeixes::…produir…}} (sons)|present|indicatiu|-ir|tu| present indicatiu -ir tu produir 
1224|⊙ Ara mateix, ⊙ell/ella/vostè {{c1::produce::…producir…}} (sons)| ends_in_ir high_irregularity irregular_verb presente producir regular_form él_ella_usted |producir|produir|3|S|I|P|0|⊙ Ahora mismo, ⊙él/ella/usted {{c1::produce::…producir…}} (sonidos)|produeix|VMIP3S00|central|M|0|||⊙ Ara mateix, ⊙ell/ella/vostè | (sons)|⊙ Ara mateix, ⊙ell/ella/vostè {{c1::produeix::…produir…}} (sons)|present|indicatiu|-ir|ell/ella/vostè| present indicatiu -ir ell/ella/vostè produir 
1225|⊙ Ara mateix, ⊙nosaltres {{c1::producimos::…producir…}} (sons)| ends_in_ir high_irregularity irregular_verb nosotros presente producir regular_form |producir|produir|1|P|I|P|0|⊙ Ahora mismo, ⊙nosotros {{c1::producimos::…producir…}} (sonidos)|produïm|VMIP1P00|central|M|0|||⊙ Ara mateix, ⊙nosaltres | (sons)|⊙ Ara mateix, ⊙nosaltres {{c1::produïm::…produir…}} (sons)|present|indicatiu|-ir|nosaltres| present indicatiu -ir nosaltres produir 
1226|⊙ Ara mateix, ⊙vosaltres {{c1::producís::…producir…}} (sons)| ends_in_ir high_irregularity irregular_verb presente producir regular_form vosotros |producir|produir|2|P|I|P|0|⊙ Ahora mismo, ⊙vosotros {{c1::producís::…producir…}} (sonidos)|produïu|VMIP2P00|central|M|0|||⊙ Ara mateix, ⊙vosaltres | (sons)|⊙ Ara mateix, ⊙vosaltres {{c1::produïu::…produir…}} (sons)|present|indicatiu|-ir|vosaltres| present indicatiu -ir vosaltres produir 
1227|⊙ Ara mateix, ⊙ells/elles/vostès {{c1::producen::…producir…}} (sons)| ellos_ellas_ustedes ends_in_ir high_irregularity irregular_verb presente producir regular_form |producir|produir|3|P|I|P|0|⊙ Ahora mismo, ⊙ellos/ellas/ustedes {{c1::producen::…producir…}} (sonidos)|produeixen|VMIP3P00|central|M|0|||⊙ Ara mateix, ⊙ells/elles/vostès | (sons)|⊙ Ara mateix, ⊙ells/elles/vostès {{c1::produeixen::…produir…}} (sons)|present|indicatiu|-ir|ells/elles/vostès| present indicatiu -ir ells/elles/vostès produir 
1271|⊙ Ara mateix, ⊙jo {{c1::busco::…buscar…}} (idees)| buscar ends_in_ar presente regular_form regular_verb yo |buscar|buscar|1|S|I|P|0|⊙ Ahora mismo, ⊙yo {{c1::busco::…buscar…}} (ideas)|busco|VMIP1S0C|central|M|0|||⊙ Ara mateix, ⊙jo | (idees)|⊙ Ara mateix, ⊙jo {{c1::busco::…buscar…}} (idees)|present|indicatiu|-ar|jo| present indicatiu -ar jo buscar 
1272|⊙ Ara mateix, ⊙tu {{c1::buscas::…buscar…}} (idees)| buscar ends_in_ar presente regular_form regular_verb tú tú_vos |buscar|buscar|2|S|I|P|0|⊙ Ahora mismo, ⊙tú {{c1::buscas::…buscar…}} (ideas)|busques|VMIP2S00|central|M|0|||⊙ Ara mateix, ⊙tu | (idees)|⊙ Ara mateix, ⊙tu {{c1::busques::…buscar…}} (idees)|present|indicatiu|-ar|tu| present indicatiu -ar tu buscar 
1273|⊙ Ara mateix, ⊙ell/ella/vostè {{c1::busca::…buscar…}} (idees)| buscar ends_in_ar presente regular_form regular_verb él_ella_usted |buscar|buscar|3|S|I|P|0|⊙ Ahora mismo, ⊙él/ella/usted {{c1::busca::…buscar…}} (ideas)|busca|VMIP3S00|central|M|0|||⊙ Ara mateix, ⊙ell/ella/vostè | (idees)|⊙ Ara mateix, ⊙ell/ella/vostè {{c1::busca::…buscar…}} (idees)|present|indicatiu|-ar|ell/ella/vostè| present indicatiu -ar ell/ella/vostè buscar 
1274|⊙ Ara mateix, ⊙nosaltres {{c1::buscamos::…buscar…}} (idees)| buscar ends_in_ar nosotros presente regular_form regular_verb |buscar|buscar|1|P|I|P|0|⊙ Ahora mismo, ⊙nosotros {{c1::buscamos::…buscar…}} (ideas)|busquem|VMIP1P00|central|M|0|||⊙ Ara mateix, ⊙nosaltres | (idees)|⊙ Ara mateix, ⊙nosaltres {{c1::busquem::…buscar…}} (idees)|present|indicatiu|-ar|nosaltres| present indicatiu -ar nosaltres buscar 
1275|⊙ Ara mateix, ⊙vosaltres {{c1::buscáis::…buscar…}} (idees)| buscar ends_in_ar presente regular_form regular_verb vosotros |buscar|buscar|2|P|I|P|0|⊙ Ahora mismo, ⊙vosotros {{c1::buscáis::…buscar…}} (ideas)|busqueu|VMIP2P00|central|M|0|||⊙ Ara mateix, ⊙vosaltres | (idees)|⊙ Ara mateix, ⊙vosaltres {{c1::busqueu::…buscar…}} (idees)|present|indicatiu|-ar|vosaltres| present indicatiu -ar vosaltres buscar 
1276|⊙ Ara mateix, ⊙ells/elles/vostès {{c1::buscan::…buscar…}} (idees)| buscar ellos_ellas_ustedes ends_in_ar presente regular_form regular_verb |buscar|buscar|3|P|I|P|0|⊙ Ahora mismo, ⊙ellos/ellas/ustedes {{c1::buscan::…buscar…}} (ideas)|busquen|VMIP3P00|central|M|0|||⊙ Ara mateix, ⊙ells/elles/vostès | (idees)|⊙ Ara mateix, ⊙ells/elles/vostès {{c1::busquen::…buscar…}} (idees)|present|indicatiu|-ar|ells/elles/vostès| present indicatiu -ar ells/elles/vostès buscar 
1320|⊙ Ara mateix, ⊙jo {{c1::entiendo::…entender…}} (els motius de Carles)| ends_in_er entender irregular_form irregular_verb low_irregularity presente yo |entender|entendre|1|S|I|P|0|⊙ Ahora mismo, ⊙yo {{c1::entiendo::…entender…}} (los motivos de Carlos)|entenc|VMIP1S00|central|M|0|||⊙ Ara mateix, ⊙jo | (els motius de Carles)|⊙ Ara mateix, ⊙jo {{c1::entenc::…entendre…}} (els motius de Carles)|present|indicatiu|-re|jo| present indicatiu -re jo entendre 
1321|⊙ Ara mateix, ⊙tu {{c1::entiendes::…entender…}} (els motius de Carles)| ends_in_er entender irregular_form irregular_verb low_irregularity presente tú tú_vos |entender|entendre|2|S|I|P|0|⊙ Ahora mismo, ⊙tú {{c1::entiendes::…entender…}} (los motivos de Carlos)|entens|VMIP2S00|central|M|0|||⊙ Ara mateix, ⊙tu | (els motius de Carles)|⊙ Ara mateix, ⊙tu {{c1::entens::…entendre…}} (els motius de Carles)|present|indicatiu|-re|tu| present indicatiu -re tu entendre 
1322|⊙ Ara mateix, ⊙ell/ella/vostè {{c1::entiende::…entender…}} (els motius de Carles)| ends_in_er entender irregular_form irregular_verb low_irregularity presente él_ella_usted |entender|entendre|3|S|I|P|0|⊙ Ahora mismo, ⊙él/ella/usted {{c1::entiende::…entender…}} (los motivos de Carlos)|entén|VMIP3S00|central|M|0|||⊙ Ara mateix, ⊙ell/ella/vostè | (els motius de Carles)|⊙ Ara mateix, ⊙ell/ella/vostè {{c1::entén::…entendre…}} (els motius de Carles)|present|indicatiu|-re|ell/ella/vostè| present indicatiu -re ell/ella/vostè entendre 
1323|⊙ Ara mateix, ⊙nosaltres {{c1::entendemos::…entender…}} (els motius de Carles)| ends_in_er entender irregular_verb low_irregularity nosotros presente regular_form |entender|entendre|1|P|I|P|0|⊙ Ahora mismo, ⊙nosotros {{c1::entendemos::…entender…}} (los motivos de Carlos)|entenem|VMIP1P00|central|M|0|||⊙ Ara mateix, ⊙nosaltres | (els motius de Carles)|⊙ Ara mateix, ⊙nosaltres {{c1::entenem::…entendre…}} (els motius de Carles)|present|indicatiu|-re|nosaltres| present indicatiu -re nosaltres entendre 
1324|⊙ Ara mateix, ⊙vosaltres {{c1::entendéis::…entender…}} (els motius de Carles)| ends_in_er entender irregular_verb low_irregularity presente regular_form vosotros |entender|entendre|2|P|I|P|0|⊙ Ahora mismo, ⊙vosotros {{c1::entendéis::…entender…}} (los motivos de Carlos)|enteneu|VMIP2P00|central|M|0|||⊙ Ara mateix, ⊙vosaltres | (els motius de Carles)|⊙ Ara mateix, ⊙vosaltres {{c1::enteneu::…entendre…}} (els motius de Carles)|present|indicatiu|-re|vosaltres| present indicatiu -re vosaltres entendre 
1325|⊙ Ara mateix, ⊙ells/elles/vostès {{c1::entienden::…entender…}} (els motius de Carles)| ellos_ellas_ustedes ends_in_er entender irregular_form irregular_verb low_irregularity presente |entender|entendre|3|P|I|P|0|⊙ Ahora mismo, ⊙ellos/ellas/ustedes {{c1::entienden::…entender…}} (los motivos de Carlos)|entenen|VMIP3P00|central|M|0|||⊙ Ara mateix, ⊙ells/elles/vostès | (els motius de Carles)|⊙ Ara mateix, ⊙ells/elles/vostès {{c1::entenen::…entendre…}} (els motius de Carles)|present|indicatiu|-re|ells/elles/vostès| present indicatiu -re ells/elles/vostès entendre 
1369|⊙ Ara mateix, ⊙jo {{c1::muero::…morir…}} (la por)| ends_in_ir high_irregularity irregular_form irregular_verb morir presente yo |morir|morir|1|S|I|P|0|⊙ Ahora mismo, ⊙yo {{c1::muero::…morir…}} (de miedo)|moro|VMIP1S0C|central|M|0|||⊙ Ara mateix, ⊙jo | (la por)|⊙ Ara mateix, ⊙jo {{c1::moro::…morir…}} (la por)|present|indicatiu|-ir|jo| present indicatiu -ir jo morir 
1370|⊙ Ara mateix, ⊙tu {{c1::mueres::…morir…}} (la por)| ends_in_ir high_irregularity irregular_form irregular_verb morir presente tú tú_vos |morir|morir|2|S|I|P|0|⊙ Ahora mismo, ⊙tú {{c1::mueres::…morir…}} (de miedo)|mors|VMIP2S00|central|M|0|||⊙ Ara mateix, ⊙tu | (la por)|⊙ Ara mateix, ⊙tu {{c1::mors::…morir…}} (la por)|present|indicatiu|-ir|tu| present indicatiu -ir tu morir 
1371|⊙ Ara mateix, ⊙ell/ella/vostè {{c1::muere::…morir…}} (la por)| ends_in_ir high_irregularity in_the_wild irregular_form irregular_verb morir presente refrán él_ella_usted |morir|morir|3|S|I|P|0|⊙ Ahora mismo, ⊙él/ella/usted {{c1::muere::…morir…}} (de miedo)|mor|VMIP3S00|central|M|0|||⊙ Ara mateix, ⊙ell/ella/vostè | (la por)|⊙ Ara mateix, ⊙ell/ella/vostè {{c1::mor::…morir…}} (la por)|present|indicatiu|-ir|ell/ella/vostè| present indicatiu -ir ell/ella/vostè morir 
1372|⊙ Ara mateix, ⊙nosaltres {{c1::morimos::…morir…}} (la por)| ends_in_ir high_irregularity irregular_verb morir nosotros presente regular_form |morir|morir|1|P|I|P|0|⊙ Ahora mismo, ⊙nosotros {{c1::morimos::…morir…}} (de miedo)|morim|VMIP1P00|central|M|0|||⊙ Ara mateix, ⊙nosaltres | (la por)|⊙ Ara mateix, ⊙nosaltres {{c1::morim::…morir…}} (la por)|present|indicatiu|-ir|nosaltres| present indicatiu -ir nosaltres morir 
1373|⊙ Ara mateix, ⊙vosaltres {{c1::morís::…morir…}} (la por)| ends_in_ir high_irregularity irregular_verb morir presente regular_form vosotros |morir|morir|2|P|I|P|0|⊙ Ahora mismo, ⊙vosotros {{c1::morís::…morir…}} (de miedo)|moriu|VMIP2P00|central|M|0|||⊙ Ara mateix, ⊙vosaltres | (la por)|⊙ Ara mateix, ⊙vosaltres {{c1::moriu::…morir…}} (la por)|present|indicatiu|-ir|vosaltres| present indicatiu -ir vosaltres morir 
1374|⊙ Ara mateix, ⊙ells/elles/vostès {{c1::mueren::…morir…}} (la por)| ellos_ellas_ustedes ends_in_ir high_irregularity irregular_form irregular_verb morir presente |morir|morir|3|P|I|P|0|⊙ Ahora mismo, ⊙ellos/ellas/ustedes {{c1::mueren::…morir…}} (de miedo)|moren|VMIP3P00|central|M|0|||⊙ Ara mateix, ⊙ells/elles/vostès | (la por)|⊙ Ara mateix, ⊙ells/elles/vostès {{c1::moren::…morir…}} (la por)|present|indicatiu|-ir|ells/elles/vostès| present indicatiu -ir ells/elles/vostès morir 
1418|⊙ Ara mateix, ⊙jo {{c1::caigo::…caer…}} (de somni)| caer ends_in_er in_the_wild irregular_form irregular_verb low_irregularity modismo presente yo |caer|caure|1|S|I|P|0|⊙ Ahora mismo, ⊙yo {{c1::caigo::…caer…}} (de sueño)|caic|VMIP1S00|central|M|0|||⊙ Ara mateix, ⊙jo | (de somni)|⊙ Ara mateix, ⊙jo {{c1::caic::…caure…}} (de somni)|present|indicatiu|-re|jo| present indicatiu -re jo caure 
1419|⊙ Ara mateix, ⊙tu {{c1::caes::…caer…}} (de somni)| caer ends_in_er irregular_verb low_irregularity presente regular_form tú tú_vos |caer|caure|2|S|I|P|0|⊙ Ahora mismo, ⊙tú {{c1::caes::…caer…}} (de sueño)|caus|VMIP2S00|central|M|0|||⊙ Ara mateix, ⊙tu | (de somni)|⊙ Ara mateix, ⊙tu {{c1::caus::…caure…}} (de somni)|present|indicatiu|-re|tu| present indicatiu -re tu caure 
1420|⊙ Ara mateix, ⊙ell/ella/vostè {{c1::cae::…caer…}} (de somni)| caer ends_in_er in_the_wild irregular_verb low_irregularity modismo presente regular_form él_ella_usted |caer|caure|3|S|I|P|0|⊙ Ahora mismo, ⊙él/ella/usted {{c1::cae::…caer…}} (de sueño)|cau|VMIP3S00|central|M|0|||⊙ Ara mateix, ⊙ell/ella/vostè | (de somni)|⊙ Ara mateix, ⊙ell/ella/vostè {{c1::cau::…caure…}} (de somni)|present|indicatiu|-re|ell/ella/vostè| present indicatiu -re ell/ella/vostè caure 
1421|⊙ Ara mateix, ⊙nosaltres {{c1::caemos::…caer…}} (de somni)| caer ends_in_er irregular_verb low_irregularity nosotros presente regular_form |caer|caure|1|P|I|P|0|⊙ Ahora mismo, ⊙nosotros {{c1::caemos::…caer…}} (de sueño)|caiem|VMIP1P00|central|M|0|||⊙ Ara mateix, ⊙nosaltres | (de somni)|⊙ Ara mateix, ⊙nosaltres {{c1::caiem::…caure…}} (de somni)|present|indicatiu|-re|nosaltres| present indicatiu -re nosaltres caure 
1422|⊙ Ara mateix, ⊙vosaltres {{c1::caéis::…caer…}} (de somni)| caer ends_in_er irregular_verb low_irregularity presente regular_form vosotros |caer|caure|2|P|I|P|0|⊙ Ahora mismo, ⊙vosotros {{c1::caéis::…caer…}} (de sueño)|caieu|VMIP2P00|central|M|0|||⊙ Ara mateix, ⊙vosaltres | (de somni)|⊙ Ara mateix, ⊙vosaltres {{c1::caieu::…caure…}} (de somni)|present|indicatiu|-re|vosaltres| present indicatiu -re vosaltres caure 
1423|⊙ Ara mateix, ⊙ells/elles/vostès {{c1::caen::…caer…}} (de somni)| caer ellos_ellas_ustedes ends_in_er in_the_wild irregular_verb low_irregularity modismo presente regular_form |caer|caure|3|P|I|P|0|⊙ Ahora mismo, ⊙ellos/ellas/ustedes {{c1::caen::…caer…}} (de sueño)|cauen|VMIP3P00|central|M|0|||⊙ Ara mateix, ⊙ells/elles/vostès | (de somni)|⊙ Ara mateix, ⊙ells/elles/vostès {{c1::cauen::…caure…}} (de somni)|present|indicatiu|-re|ells/elles/vostès| present indicatiu -re ells/elles/vostès caure 
1467|⊙ Ara mateix, ⊙jo {{c1::juego::…jugar…}} (amb el gat)| ends_in_ar irregular_form irregular_verb jugar low_irregularity presente yo |jugar|jugar|1|S|I|P|0|⊙ Ahora mismo, ⊙yo {{c1::juego::…jugar…}} (con el gato)|jugo|VMIP1S0C|central|M|0|||⊙ Ara mateix, ⊙jo | (amb el gat)|⊙ Ara mateix, ⊙jo {{c1::jugo::…jugar…}} (amb el gat)|present|indicatiu|-ar|jo| present indicatiu -ar jo jugar 
1468|⊙ Ara mateix, ⊙tu {{c1::juegas::…jugar…}} (amb el gat)| ends_in_ar irregular_form irregular_verb jugar low_irregularity presente tú tú_vos |jugar|jugar|2|S|I|P|0|⊙ Ahora mismo, ⊙tú {{c1::juegas::…jugar…}} (con el gato)|jugues|VMIP2S00|central|M|0|||⊙ Ara mateix, ⊙tu | (amb el gat)|⊙ Ara mateix, ⊙tu {{c1::jugues::…jugar…}} (amb el gat)|present|indicatiu|-ar|tu| present indicatiu -ar tu jugar 
1469|⊙ Ara mateix, ⊙ell/ella/vostè {{c1::juega::…jugar…}} (amb el gat)| ends_in_ar in_the_wild irregular_form irregular_verb jugar low_irregularity presente refrán él_ella_usted |jugar|jugar|3|S|I|P|0|⊙ Ahora mismo, ⊙él/ella/usted {{c1::juega::…jugar…}} (con el gato)|juga|VMIP3S00|central|M|0|||⊙ Ara mateix, ⊙ell/ella/vostè | (amb el gat)|⊙ Ara mateix, ⊙ell/ella/vostè {{c1::juga::…jugar…}} (amb el gat)|present|indicatiu|-ar|ell/ella/vostè| present indicatiu -ar ell/ella/vostè jugar 
1470|⊙ Ara mateix, ⊙nosaltres {{c1::jugamos::…jugar…}} (amb el gat)| ends_in_ar irregular_verb jugar low_irregularity nosotros presente regular_form |jugar|jugar|1|P|I|P|0|⊙ Ahora mismo, ⊙nosotros {{c1::jugamos::…jugar…}} (con el gato)|juguem|VMIP1P00|central|M|0|||⊙ Ara mateix, ⊙nosaltres | (amb el gat)|⊙ Ara mateix, ⊙nosaltres {{c1::juguem::…jugar…}} (amb el gat)|present|indicatiu|-ar|nosaltres| present indicatiu -ar nosaltres jugar 
1471|⊙ Ara mateix, ⊙vosaltres {{c1::jugáis::…jugar…}} (amb el gat)| ends_in_ar irregular_verb jugar low_irregularity presente regular_form vosotros |jugar|jugar|2|P|I|P|0|⊙ Ahora mismo, ⊙vosotros {{c1::jugáis::…jugar…}} (con el gato)|jugueu|VMIP2P00|central|M|0|||⊙ Ara mateix, ⊙vosaltres | (amb el gat)|⊙ Ara mateix, ⊙vosaltres {{c1::jugueu::…jugar…}} (amb el gat)|present|indicatiu|-ar|vosaltres| present indicatiu -ar vosaltres jugar 
1472|⊙ Ara mateix, ⊙ells/elles/vostès {{c1::juegan::…jugar…}} (amb el gat)| ellos_ellas_ustedes ends_in_ar irregular_form irregular_verb jugar low_irregularity presente |jugar|jugar|3|P|I|P|0|⊙ Ahora mismo, ⊙ellos/ellas/ustedes {{c1::juegan::…jugar…}} (con el gato)|juguen|VMIP3P00|central|M|0|||⊙ Ara mateix, ⊙ells/elles/vostès | (amb el gat)|⊙ Ara mateix, ⊙ells/elles/vostès {{c1::juguen::…jugar…}} (amb el gat)|present|indicatiu|-ar|ells/elles/vostès| present indicatiu -ar ells/elles/vostès jugar 
1516|⊙ Ara mateix, ⊙jo {{c1::elijo::…elegir…}} (destinacions exotiques)| elegir ends_in_ir high_irregularity irregular_form irregular_verb presente yo |elegir|triar|1|S|I|P|0|⊙ Ahora mismo, ⊙yo {{c1::elijo::…elegir…}} (destinaciones exóticas)|trio|VMIP1S0C|central|M|0|||⊙ Ara mateix, ⊙jo | (destinacions exotiques)|⊙ Ara mateix, ⊙jo {{c1::trio::…triar…}} (destinacions exotiques)|present|indicatiu|-ar|jo| present indicatiu -ar jo triar 
1517|⊙ Ara mateix, ⊙tu {{c1::eliges::…elegir…}} (destinacions exotiques)| elegir ends_in_ir high_irregularity irregular_form irregular_verb presente tú tú_vos |elegir|triar|2|S|I|P|0|⊙ Ahora mismo, ⊙tú {{c1::eliges::…elegir…}} (destinaciones exóticas)|tries|VMIP2S00|central|M|0|||⊙ Ara mateix, ⊙tu | (destinacions exotiques)|⊙ Ara mateix, ⊙tu {{c1::tries::…triar…}} (destinacions exotiques)|present|indicatiu|-ar|tu| present indicatiu -ar tu triar 
1518|⊙ Ara mateix, ⊙ell/ella/vostè {{c1::elige::…elegir…}} (destinacions exotiques)| elegir ends_in_ir high_irregularity in_the_wild irregular_form irregular_verb presente refrán él_ella_usted |elegir|triar|3|S|I|P|0|⊙ Ahora mismo, ⊙él/ella/usted {{c1::elige::…elegir…}} (destinaciones exóticas)|tria|VMIP3S00|central|M|0|||⊙ Ara mateix, ⊙ell/ella/vostè | (destinacions exotiques)|⊙ Ara mateix, ⊙ell/ella/vostè {{c1::tria::…triar…}} (destinacions exotiques)|present|indicatiu|-ar|ell/ella/vostè| present indicatiu -ar ell/ella/vostè triar 
1519|⊙ Ara mateix, ⊙nosaltres {{c1::elegimos::…elegir…}} (destinacions exotiques)| elegir ends_in_ir high_irregularity irregular_verb nosotros presente regular_form |elegir|triar|1|P|I|P|0|⊙ Ahora mismo, ⊙nosotros {{c1::elegimos::…elegir…}} (destinaciones exóticas)|triem|VMIP1P00|central|M|0|||⊙ Ara mateix, ⊙nosaltres | (destinacions exotiques)|⊙ Ara mateix, ⊙nosaltres {{c1::triem::…triar…}} (destinacions exotiques)|present|indicatiu|-ar|nosaltres| present indicatiu -ar nosaltres triar 
1520|⊙ Ara mateix, ⊙vosaltres {{c1::elegís::…elegir…}} (destinacions exotiques)| elegir ends_in_ir high_irregularity irregular_verb presente regular_form vosotros |elegir|triar|2|P|I|P|0|⊙ Ahora mismo, ⊙vosotros {{c1::elegís::…elegir…}} (destinaciones exóticas)|trieu|VMIP2P00|central|M|0|||⊙ Ara mateix, ⊙vosaltres | (destinacions exotiques)|⊙ Ara mateix, ⊙vosaltres {{c1::trieu::…triar…}} (destinacions exotiques)|present|indicatiu|-ar|vosaltres| present indicatiu -ar vosaltres triar 
1521|⊙ Ara mateix, ⊙ells/elles/vostès {{c1::eligen::…elegir…}} (destinacions exotiques)| elegir ellos_ellas_ustedes ends_in_ir high_irregularity irregular_form irregular_verb presente |elegir|triar|3|P|I|P|0|⊙ Ahora mismo, ⊙ellos/ellas/ustedes {{c1::eligen::…elegir…}} (destinaciones exóticas)|trien|VMIP3P00|central|M|0|||⊙ Ara mateix, ⊙ells/elles/vostès | (destinacions exotiques)|⊙ Ara mateix, ⊙ells/elles/vostès {{c1::trien::…triar…}} (destinacions exotiques)|present|indicatiu|-ar|ells/elles/vostès| present indicatiu -ar ells/elles/vostès triar 
1565|⊙ Ara mateix, ⊙jo {{c1::traigo::…traer…}} (fruita)| ends_in_er high_irregularity irregular_form irregular_verb presente traer yo |traer|portar|1|S|I|P|0|⊙ Ahora mismo, ⊙yo {{c1::traigo::…traer…}} (fruta)|porto|VMIP1S0C|central|M|0|||⊙ Ara mateix, ⊙jo | (fruita)|⊙ Ara mateix, ⊙jo {{c1::porto::…portar…}} (fruita)|present|indicatiu|-ar|jo| present indicatiu -ar jo portar 
1566|⊙ Ara mateix, ⊙tu {{c1::traes::…traer…}} (fruita)| ends_in_er high_irregularity irregular_verb presente regular_form traer tú tú_vos |traer|portar|2|S|I|P|0|⊙ Ahora mismo, ⊙tú {{c1::traes::…traer…}} (fruta)|portes|VMIP2S00|central|M|0|||⊙ Ara mateix, ⊙tu | (fruita)|⊙ Ara mateix, ⊙tu {{c1::portes::…portar…}} (fruita)|present|indicatiu|-ar|tu| present indicatiu -ar tu portar 
1567|⊙ Ara mateix, ⊙ell/ella/vostè {{c1::trae::…traer…}} (fruita)| ends_in_er high_irregularity in_the_wild irregular_verb modismo presente regular_form traer él_ella_usted |traer|portar|3|S|I|P|0|⊙ Ahora mismo, ⊙él/ella/usted {{c1::trae::…traer…}} (fruta)|porta|VMIP3S00|central|M|0|||⊙ Ara mateix, ⊙ell/ella/vostè | (fruita)|⊙ Ara mateix, ⊙ell/ella/vostè {{c1::porta::…portar…}} (fruita)|present|indicatiu|-ar|ell/ella/vostè| present indicatiu -ar ell/ella/vostè portar 
1568|⊙ Ara mateix, ⊙nosaltres {{c1::traemos::…traer…}} (fruita)| ends_in_er high_irregularity irregular_verb nosotros presente regular_form traer |traer|portar|1|P|I|P|0|⊙ Ahora mismo, ⊙nosotros {{c1::traemos::…traer…}} (fruta)|portem|VMIP1P00|central|M|0|||⊙ Ara mateix, ⊙nosaltres | (fruita)|⊙ Ara mateix, ⊙nosaltres {{c1::portem::…portar…}} (fruita)|present|indicatiu|-ar|nosaltres| present indicatiu -ar nosaltres portar 
1569|⊙ Ara mateix, ⊙vosaltres {{c1::traéis::…traer…}} (fruita)| ends_in_er high_irregularity irregular_verb presente regular_form traer vosotros |traer|portar|2|P|I|P|0|⊙ Ahora mismo, ⊙vosotros {{c1::traéis::…traer…}} (fruta)|porteu|VMIP2P00|central|M|0|||⊙ Ara mateix, ⊙vosaltres | (fruita)|⊙ Ara mateix, ⊙vosaltres {{c1::porteu::…portar…}} (fruita)|present|indicatiu|-ar|vosaltres| present indicatiu -ar vosaltres portar 
1570|⊙ Ara mateix, ⊙ells/elles/vostès {{c1::traen::…traer…}} (fruita)| ellos_ellas_ustedes ends_in_er high_irregularity irregular_verb presente regular_form traer |traer|portar|3|P|I|P|0|⊙ Ahora mismo, ⊙ellos/ellas/ustedes {{c1::traen::…traer…}} (fruta)|porten|VMIP3P00|central|M|0|||⊙ Ara mateix, ⊙ells/elles/vostès | (fruita)|⊙ Ara mateix, ⊙ells/elles/vostès {{c1::porten::…portar…}} (fruita)|present|indicatiu|-ar|ells/elles/vostès| present indicatiu -ar ells/elles/vostès portar 
1614|⊙ Ara mateix, ⊙jo {{c1::ando::…andar…}} (per els carrers)| andar ends_in_ar irregular_verb moderate_irregularity presente regular_form yo |andar|caminar|1|S|I|P|0|⊙ Ahora mismo, ⊙yo {{c1::ando::…andar…}} (por las calles)|camino|VMIP1S0C|central|M|0|||⊙ Ara mateix, ⊙jo | (per els carrers)|⊙ Ara mateix, ⊙jo {{c1::camino::…caminar…}} (per els carrers)|present|indicatiu|-ar|jo| present indicatiu -ar jo caminar 
1615|⊙ Ara mateix, ⊙tu {{c1::andas::…andar…}} (per els carrers)| andar ends_in_ar irregular_verb moderate_irregularity presente regular_form tú tú_vos |andar|caminar|2|S|I|P|0|⊙ Ahora mismo, ⊙tú {{c1::andas::…andar…}} (por las calles)|camines|VMIP2S00|central|M|0|||⊙ Ara mateix, ⊙tu | (per els carrers)|⊙ Ara mateix, ⊙tu {{c1::camines::…caminar…}} (per els carrers)|present|indicatiu|-ar|tu| present indicatiu -ar tu caminar 
1616|⊙ Ara mateix, ⊙ell/ella/vostè {{c1::anda::…andar…}} (per els carrers)| andar ends_in_ar in_the_wild irregular_verb moderate_irregularity modismo presente regular_form él_ella_usted |andar|caminar|3|S|I|P|0|⊙ Ahora mismo, ⊙él/ella/usted {{c1::anda::…andar…}} (por las calles)|camina|VMIP3S00|central|M|0|||⊙ Ara mateix, ⊙ell/ella/vostè | (per els carrers)|⊙ Ara mateix, ⊙ell/ella/vostè {{c1::camina::…caminar…}} (per els carrers)|present|indicatiu|-ar|ell/ella/vostè| present indicatiu -ar ell/ella/vostè caminar 
1617|⊙ Ara mateix, ⊙nosaltres {{c1::andamos::…andar…}} (per els carrers)| andar ends_in_ar irregular_verb moderate_irregularity nosotros presente regular_form |andar|caminar|1|P|I|P|0|⊙ Ahora mismo, ⊙nosotros {{c1::andamos::…andar…}} (por las calles)|caminem|VMIP1P00|central|M|0|||⊙ Ara mateix, ⊙nosaltres | (per els carrers)|⊙ Ara mateix, ⊙nosaltres {{c1::caminem::…caminar…}} (per els carrers)|present|indicatiu|-ar|nosaltres| present indicatiu -ar nosaltres caminar 
1618|⊙ Ara mateix, ⊙vosaltres {{c1::andáis::…andar…}} (per els carrers)| andar ends_in_ar irregular_verb moderate_irregularity presente regular_form vosotros |andar|caminar|2|P|I|P|0|⊙ Ahora mismo, ⊙vosotros {{c1::andáis::…andar…}} (por las calles)|camineu|VMIP2P00|central|M|0|||⊙ Ara mateix, ⊙vosaltres | (per els carrers)|⊙ Ara mateix, ⊙vosaltres {{c1::camineu::…caminar…}} (per els carrers)|present|indicatiu|-ar|vosaltres| present indicatiu -ar vosaltres caminar 
1619|⊙ Ara mateix, ⊙ells/elles/vostès {{c1::andan::…andar…}} (per els carrers)| andar ellos_ellas_ustedes ends_in_ar in_the_wild irregular_verb moderate_irregularity modismo presente regular_form |andar|caminar|3|P|I|P|0|⊙ Ahora mismo, ⊙ellos/ellas/ustedes {{c1::andan::…andar…}} (por las calles)|caminen|VMIP3P00|central|M|0|||⊙ Ara mateix, ⊙ells/elles/vostès | (per els carrers)|⊙ Ara mateix, ⊙ells/elles/vostès {{c1::caminen::…caminar…}} (per els carrers)|present|indicatiu|-ar|ells/elles/vostès| present indicatiu -ar ells/elles/vostès caminar 
1663|⊙ Ara mateix, ⊙jo {{c1::inclujo::…incluir…}} (a la Sofia a la discussió)| ends_in_ir incluir irregular_form irregular_verb moderate_irregularity presente yo |incluir|incloure|1|S|I|P|0|⊙ Ahora mismo, ⊙yo {{c1::incluyo::…incluir…}} (a Sofia en la discusión)|incloc|VMIP1S00|central|M|0|||⊙ Ara mateix, ⊙jo | (a la Sofia a la discussió)|⊙ Ara mateix, ⊙jo {{c1::incloc::…incloure…}} (a la Sofia a la discussió)|present|indicatiu|-re|jo| present indicatiu -re jo incloure 
1664|⊙ Ara mateix, ⊙tu {{c1::incluyes::…incluir…}} (a la Sofia a la discussió)| ends_in_ir incluir irregular_form irregular_verb moderate_irregularity presente tú tú_vos |incluir|incloure|2|S|I|P|0|⊙ Ahora mismo, ⊙tú {{c1::incluyes::…incluir…}} (a Sofia en la discusión)|inclous|VMIP2S00|central|M|0|||⊙ Ara mateix, ⊙tu | (a la Sofia a la discussió)|⊙ Ara mateix, ⊙tu {{c1::inclous::…incloure…}} (a la Sofia a la discussió)|present|indicatiu|-re|tu| present indicatiu -re tu incloure 
1665|⊙ Ara mateix, ⊙ell/ella/vostè {{c1::incluye::…incluir…}} (a la Sofia a la discussió)| ends_in_ir incluir irregular_form irregular_verb moderate_irregularity presente él_ella_usted |incluir|incloure|3|S|I|P|0|⊙ Ahora mismo, ⊙él/ella/usted {{c1::incluye::…incluir…}} (a Sofia en la discusión)|inclou|VMIP3S00|central|M|0|||⊙ Ara mateix, ⊙ell/ella/vostè | (a la Sofia a la discussió)|⊙ Ara mateix, ⊙ell/ella/vostè {{c1::inclou::…incloure…}} (a la Sofia a la discussió)|present|indicatiu|-re|ell/ella/vostè| present indicatiu -re ell/ella/vostè incloure 
1666|⊙ Ara mateix, ⊙nosaltres {{c1::incluimos::…incluir…}} (a la Sofia a la discussió)| ends_in_ir incluir irregular_verb moderate_irregularity nosotros presente regular_form |incluir|incloure|1|P|I|P|0|⊙ Ahora mismo, ⊙nosotros {{c1::incluimos::…incluir…}} (a Sofia en la discusión)|incloem|VMIP1P00|central|M|0|||⊙ Ara mateix, ⊙nosaltres | (a la Sofia a la discussió)|⊙ Ara mateix, ⊙nosaltres {{c1::incloem::…incloure…}} (a la Sofia a la discussió)|present|indicatiu|-re|nosaltres| present indicatiu -re nosaltres incloure 
1667|⊙ Ara mateix, ⊙vosaltres {{c1::incluís::…incluir…}} (a la Sofia a la discussió)| ends_in_ir incluir irregular_verb moderate_irregularity presente regular_form vosotros |incluir|incloure|2|P|I|P|0|⊙ Ahora mismo, ⊙vosotros {{c1::incluís::…incluir…}} (a Sofia en la discusión)|incloeu|VMIP2P00|central|M|0|||⊙ Ara mateix, ⊙vosaltres | (a la Sofia a la discussió)|⊙ Ara mateix, ⊙vosaltres {{c1::incloeu::…incloure…}} (a la Sofia a la discussió)|present|indicatiu|-re|vosaltres| present indicatiu -re vosaltres incloure 
1668|⊙ Ara mateix, ⊙ells/elles/vostès {{c1::incluyen::…incluir…}} (a la Sofia a la discussió)| ellos_ellas_ustedes ends_in_ir incluir irregular_form irregular_verb moderate_irregularity presente |incluir|incloure|3|P|I|P|0|⊙ Ahora mismo, ⊙ellos/ellas/ustedes {{c1::incluyen::…incluir…}} (a Sofia en la discusión)|inclouen|VMIP3P00|central|M|0|||⊙ Ara mateix, ⊙ells/elles/vostès | (a la Sofia a la discussió)|⊙ Ara mateix, ⊙ells/elles/vostès {{c1::inclouen::…incloure…}} (a la Sofia a la discussió)|present|indicatiu|-re|ells/elles/vostès| present indicatiu -re ells/elles/vostès incloure 
1712|⊙ Ara mateix, ⊙jo {{c1::valgo::…valer…}} (poc per als caps)| ends_in_er irregular_form irregular_verb moderate_irregularity presente valer yo |valer|valer|1|S|I|P|0|⊙ Ahora mismo, ⊙yo {{c1::valgo::…valer…}} (poco para los jefes)|valc|VMIP1S00|central|M|0|||⊙ Ara mateix, ⊙jo | (poc per als caps)|⊙ Ara mateix, ⊙jo {{c1::valc::…valer…}} (poc per als caps)|present|indicatiu|-er|jo| present indicatiu -er jo valer 
1713|⊙ Ara mateix, ⊙tu {{c1::vales::…valer…}} (poc per als caps)| ends_in_er irregular_verb moderate_irregularity presente regular_form tú tú_vos valer |valer|valer|2|S|I|P|0|⊙ Ahora mismo, ⊙tú {{c1::vales::…valer…}} (poco para los jefes)|vals|VMIP2S00|central|M|0|||⊙ Ara mateix, ⊙tu | (poc per als caps)|⊙ Ara mateix, ⊙tu {{c1::vals::…valer…}} (poc per als caps)|present|indicatiu|-er|tu| present indicatiu -er tu valer 
1714|⊙ Ara mateix, ⊙ell/ella/vostè {{c1::vale::…valer…}} (poc per als caps)| ends_in_er in_the_wild irregular_verb moderate_irregularity modismo presente regular_form valer él_ella_usted |valer|valer|3|S|I|P|0|⊙ Ahora mismo, ⊙él/ella/usted {{c1::vale::…valer…}} (poco para los jefes)|val|VMIP3S00|central|M|0|||⊙ Ara mateix, ⊙ell/ella/vostè | (poc per als caps)|⊙ Ara mateix, ⊙ell/ella/vostè {{c1::val::…valer…}} (poc per als caps)|present|indicatiu|-er|ell/ella/vostè| present indicatiu -er ell/ella/vostè valer 
1715|⊙ Ara mateix, ⊙nosaltres {{c1::valemos::…valer…}} (poc per als caps)| ends_in_er irregular_verb moderate_irregularity nosotros presente regular_form valer |valer|valer|1|P|I|P|0|⊙ Ahora mismo, ⊙nosotros {{c1::valemos::…valer…}} (poco para los jefes)|valem|VMIP1P00|central|M|0|||⊙ Ara mateix, ⊙nosaltres | (poc per als caps)|⊙ Ara mateix, ⊙nosaltres {{c1::valem::…valer…}} (poc per als caps)|present|indicatiu|-er|nosaltres| present indicatiu -er nosaltres valer 
1716|⊙ Ara mateix, ⊙vosaltres {{c1::valéis::…valer…}} (poc per als caps)| ends_in_er irregular_verb moderate_irregularity presente regular_form valer vosotros |valer|valer|2|P|I|P|0|⊙ Ahora mismo, ⊙vosotros {{c1::valéis::…valer…}} (poco para los jefes)|valeu|VMIP2P00|central|M|0|||⊙ Ara mateix, ⊙vosaltres | (poc per als caps)|⊙ Ara mateix, ⊙vosaltres {{c1::valeu::…valer…}} (poc per als caps)|present|indicatiu|-er|vosaltres| present indicatiu -er vosaltres valer 
1717|⊙ Ara mateix, ⊙ells/elles/vostès {{c1::valen::…valer…}} (poc per als caps)| ellos_ellas_ustedes ends_in_er irregular_verb moderate_irregularity presente regular_form valer |valer|valer|3|P|I|P|0|⊙ Ahora mismo, ⊙ellos/ellas/ustedes {{c1::valen::…valer…}} (poco para los jefes)|valen|VMIP3P00|central|M|0|||⊙ Ara mateix, ⊙ells/elles/vostès | (poc per als caps)|⊙ Ara mateix, ⊙ells/elles/vostès {{c1::valen::…valer…}} (poc per als caps)|present|indicatiu|-er|ells/elles/vostès| present indicatiu -er ells/elles/vostès valer 
1761|⊙ Ara mateix, ⊙jo {{c1::reúno::…reunir…}} (als amics)| ends_in_ir irregular_form irregular_verb low_irregularity presente reunir yo |reunir|reunir|1|S|I|P|0|⊙ Ahora mismo, ⊙yo {{c1::reúno::…reunir…}} (a los amigos)|reuneixo|VMIP1S0C|central|M|0|||⊙ Ara mateix, ⊙jo | (als amics)|⊙ Ara mateix, ⊙jo {{c1::reuneixo::…reunir…}} (als amics)|present|indicatiu|-ir|jo| present indicatiu -ir jo reunir 
1762|⊙ Ara mateix, ⊙tu {{c1::reúnes::…reunir…}} (als amics)| ends_in_ir irregular_form irregular_verb low_irregularity presente reunir tú tú_vos |reunir|reunir|2|S|I|P|0|⊙ Ahora mismo, ⊙tú {{c1::reúnes::…reunir…}} (a los amigos)|reuneixes|VMIP2S00|central|M|0|||⊙ Ara mateix, ⊙tu | (als amics)|⊙ Ara mateix, ⊙tu {{c1::reuneixes::…reunir…}} (als amics)|present|indicatiu|-ir|tu| present indicatiu -ir tu reunir 
1763|⊙ Ara mateix, ⊙ell/ella/vostè {{c1::reúne::…reunir…}} (als amics)| ends_in_ir in_the_wild irregular_form irregular_verb low_irregularity modismo presente reunir él_ella_usted |reunir|reunir|3|S|I|P|0|⊙ Ahora mismo, ⊙él/ella/usted {{c1::reúne::…reunir…}} (a los amigos)|reuneix|VMIP3S00|central|M|0|||⊙ Ara mateix, ⊙ell/ella/vostè | (als amics)|⊙ Ara mateix, ⊙ell/ella/vostè {{c1::reuneix::…reunir…}} (als amics)|present|indicatiu|-ir|ell/ella/vostè| present indicatiu -ir ell/ella/vostè reunir 
1764|⊙ Ara mateix, ⊙nosaltres {{c1::reunimos::…reunir…}} (als amics)| ends_in_ir irregular_verb low_irregularity nosotros presente regular_form reunir |reunir|reunir|1|P|I|P|0|⊙ Ahora mismo, ⊙nosotros {{c1::reunimos::…reunir…}} (a los amigos)|reunim|VMIP1P00|central|M|0|||⊙ Ara mateix, ⊙nosaltres | (als amics)|⊙ Ara mateix, ⊙nosaltres {{c1::reunim::…reunir…}} (als amics)|present|indicatiu|-ir|nosaltres| present indicatiu -ir nosaltres reunir 
1765|⊙ Ara mateix, ⊙vosaltres {{c1::reunís::…reunir…}} (als amics)| ends_in_ir irregular_verb low_irregularity presente regular_form reunir vosotros |reunir|reunir|2|P|I|P|0|⊙ Ahora mismo, ⊙vosotros {{c1::reunís::…reunir…}} (a los amigos)|reuniu|VMIP2P00|central|M|0|||⊙ Ara mateix, ⊙vosaltres | (als amics)|⊙ Ara mateix, ⊙vosaltres {{c1::reuniu::…reunir…}} (als amics)|present|indicatiu|-ir|vosaltres| present indicatiu -ir vosaltres reunir 
1766|⊙ Ara mateix, ⊙ells/elles/vostès {{c1::reúnen::…reunir…}} (als amics)| ellos_ellas_ustedes ends_in_ir irregular_form irregular_verb low_irregularity presente reunir |reunir|reunir|3|P|I|P|0|⊙ Ahora mismo, ⊙ellos/ellas/ustedes {{c1::reúnen::…reunir…}} (a los amigos)|reuneixen|VMIP3P00|central|M|0|||⊙ Ara mateix, ⊙ells/elles/vostès | (als amics)|⊙ Ara mateix, ⊙ells/elles/vostès {{c1::reuneixen::…reunir…}} (als amics)|present|indicatiu|-ir|ells/elles/vostès| present indicatiu -ir ells/elles/vostès reunir 
1810|⊙ Ara mateix, ⊙jo {{c1::actuo::…actuar…}} (al teatre)| actuar ends_in_ar irregular_form irregular_verb low_irregularity presente yo |actuar|actuar|1|S|I|P|0|⊙ Ahora mismo, ⊙yo {{c1::actúo::…actuar…}} (en el teatro)|actuo|VMIP1S0C|central|M|0|||⊙ Ara mateix, ⊙jo | (al teatre)|⊙ Ara mateix, ⊙jo {{c1::actuo::…actuar…}} (al teatre)|present|indicatiu|-ar|jo| present indicatiu -ar jo actuar 
1811|⊙ Ara mateix, ⊙tu {{c1::actuas::…actuar…}} (al teatre)| actuar ends_in_ar irregular_form irregular_verb low_irregularity presente tú tú_vos |actuar|actuar|2|S|I|P|0|⊙ Ahora mismo, ⊙tú {{c1::actúas::…actuar…}} (en el teatro)|actues|VMIP2S00|central|M|0|||⊙ Ara mateix, ⊙tu | (al teatre)|⊙ Ara mateix, ⊙tu {{c1::actues::…actuar…}} (al teatre)|present|indicatiu|-ar|tu| present indicatiu -ar tu actuar 
1812|⊙ Ara mateix, ⊙ell/ella/vostè {{c1::actua::…actuar…}} (al teatre)| actuar ends_in_ar irregular_form irregular_verb low_irregularity presente él_ella_usted |actuar|actuar|3|S|I|P|0|⊙ Ahora mismo, ⊙él/ella/usted {{c1::actúa::…actuar…}} (en el teatro)|actua|VMIP3S00|central|M|0|||⊙ Ara mateix, ⊙ell/ella/vostè | (al teatre)|⊙ Ara mateix, ⊙ell/ella/vostè {{c1::actua::…actuar…}} (al teatre)|present|indicatiu|-ar|ell/ella/vostè| present indicatiu -ar ell/ella/vostè actuar 
1813|⊙ Ara mateix, ⊙nosaltres {{c1::actuamos::…actuar…}} (al teatre)| actuar ends_in_ar irregular_verb low_irregularity nosotros presente regular_form |actuar|actuar|1|P|I|P|0|⊙ Ahora mismo, ⊙nosotros {{c1::actuamos::…actuar…}} (en el teatro)|actuem|VMIP1P00|central|M|0|||⊙ Ara mateix, ⊙nosaltres | (al teatre)|⊙ Ara mateix, ⊙nosaltres {{c1::actuem::…actuar…}} (al teatre)|present|indicatiu|-ar|nosaltres| present indicatiu -ar nosaltres actuar 
1814|⊙ Ara mateix, ⊙vosaltres {{c1::actuáis::…actuar…}} (al teatre)| actuar ends_in_ar irregular_verb low_irregularity presente regular_form vosotros |actuar|actuar|2|P|I|P|0|⊙ Ahora mismo, ⊙vosotros {{c1::actuáis::…actuar…}} (en el teatro)|actueu|VMIP2P00|central|M|0|||⊙ Ara mateix, ⊙vosaltres | (al teatre)|⊙ Ara mateix, ⊙vosaltres {{c1::actueu::…actuar…}} (al teatre)|present|indicatiu|-ar|vosaltres| present indicatiu -ar vosaltres actuar 
1815|⊙ Ara mateix, ⊙ells/elles/vostès {{c1::actuan::…actuar…}} (al teatre)| actuar ellos_ellas_ustedes ends_in_ar in_the_wild irregular_form irregular_verb low_irregularity modismo presente |actuar|actuar|3|P|I|P|0|⊙ Ahora mismo, ⊙ellos/ellas/ustedes {{c1::actúan::…actuar…}} (en el teatro)|actuen|VMIP3P00|central|M|0|||⊙ Ara mateix, ⊙ells/elles/vostès | (al teatre)|⊙ Ara mateix, ⊙ells/elles/vostès {{c1::actuen::…actuar…}} (al teatre)|present|indicatiu|-ar|ells/elles/vostès| present indicatiu -ar ells/elles/vostès actuar 
1859|⊙ Ara mateix, ⊙jo {{c1::quepo::…caber…}} (al cotxe)| caber ends_in_er extreme_irregularity in_the_wild irregular_form irregular_verb modismo presente yo |caber|cabre|1|S|I|P|0|⊙ Ahora mismo, ⊙yo {{c1::quepo::…caber…}} (en el coche)|cabo|VMIP1S0C|central|M|0|||⊙ Ara mateix, ⊙jo | (al cotxe)|⊙ Ara mateix, ⊙jo {{c1::cabo::…cabre…}} (al cotxe)|present|indicatiu|-re|jo| present indicatiu -re jo cabre 
1860|⊙ Ara mateix, ⊙tu {{c1::cabes::…caber…}} (al cotxe)| caber ends_in_er extreme_irregularity irregular_verb presente regular_form tú tú_vos |caber|cabre|2|S|I|P|0|⊙ Ahora mismo, ⊙tú {{c1::cabes::…caber…}} (en el coche)|caps|VMIP2S00|central|M|0|||⊙ Ara mateix, ⊙tu | (al cotxe)|⊙ Ara mateix, ⊙tu {{c1::caps::…cabre…}} (al cotxe)|present|indicatiu|-re|tu| present indicatiu -re tu cabre 
1861|⊙ Ara mateix, ⊙ell/ella/vostè {{c1::cabe::…caber…}} (al cotxe)| caber ends_in_er extreme_irregularity in_the_wild irregular_verb modismo presente regular_form él_ella_usted |caber|cabre|3|S|I|P|0|⊙ Ahora mismo, ⊙él/ella/usted {{c1::cabe::…caber…}} (en el coche)|cap|VMIP3S00|central|M|0|||⊙ Ara mateix, ⊙ell/ella/vostè | (al cotxe)|⊙ Ara mateix, ⊙ell/ella/vostè {{c1::cap::…cabre…}} (al cotxe)|present|indicatiu|-re|ell/ella/vostè| present indicatiu -re ell/ella/vostè cabre 
1862|⊙ Ara mateix, ⊙nosaltres {{c1::cabemos::…caber…}} (al cotxe)| caber ends_in_er extreme_irregularity irregular_verb nosotros presente regular_form |caber|cabre|1|P|I|P|0|⊙ Ahora mismo, ⊙nosotros {{c1::cabemos::…caber…}} (en el coche)|cabem|VMIP1P00|central|M|0|||⊙ Ara mateix, ⊙nosaltres | (al cotxe)|⊙ Ara mateix, ⊙nosaltres {{c1::cabem::…cabre…}} (al cotxe)|present|indicatiu|-re|nosaltres| present indicatiu -re nosaltres cabre 
1863|⊙ Ara mateix, ⊙vosaltres {{c1::cabéis::…caber…}} (al cotxe)| caber ends_in_er extreme_irregularity irregular_verb presente regular_form vosotros |caber|cabre|2|P|I|P|0|⊙ Ahora mismo, ⊙vosotros {{c1::cabéis::…caber…}} (en el coche)|cabeu|VMIP2P00|central|M|0|||⊙ Ara mateix, ⊙vosaltres | (al cotxe)|⊙ Ara mateix, ⊙vosaltres {{c1::cabeu::…cabre…}} (al cotxe)|present|indicatiu|-re|vosaltres| present indicatiu -re vosaltres cabre 
1864|⊙ Ara mateix, ⊙ells/elles/vostès {{c1::caben::…caber…}} (al cotxe)| caber ellos_ellas_ustedes ends_in_er extreme_irregularity irregular_verb presente regular_form |caber|cabre|3|P|I|P|0|⊙ Ahora mismo, ⊙ellos/ellas/ustedes {{c1::caben::…caber…}} (en el coche)|caben|VMIP3P00|central|M|0|||⊙ Ara mateix, ⊙ells/elles/vostès | (al cotxe)|⊙ Ara mateix, ⊙ells/elles/vostès {{c1::caben::…cabre…}} (al cotxe)|present|indicatiu|-re|ells/elles/vostès| present indicatiu -re ells/elles/vostès cabre 
1908|⊙ Ara mateix, ⊙jo {{c1::envío::…enviar…}} (cartes)| ends_in_ar enviar irregular_form irregular_verb low_irregularity presente yo |enviar|enviar|1|S|I|P|0|⊙ Ahora mismo, ⊙yo {{c1::envío::…enviar…}} (cartas)|envio|VMIP1S0C|central|M|0|||⊙ Ara mateix, ⊙jo | (cartes)|⊙ Ara mateix, ⊙jo {{c1::envio::…enviar…}} (cartes)|present|indicatiu|-ar|jo| present indicatiu -ar jo enviar 
1909|⊙ Ara mateix, ⊙tu {{c1::envías::…enviar…}} (cartes)| ends_in_ar enviar irregular_form irregular_verb low_irregularity presente tú tú_vos |enviar|enviar|2|S|I|P|0|⊙ Ahora mismo, ⊙tú {{c1::envías::…enviar…}} (cartas)|envies|VMIP2S00|central|M|0|||⊙ Ara mateix, ⊙tu | (cartes)|⊙ Ara mateix, ⊙tu {{c1::envies::…enviar…}} (cartes)|present|indicatiu|-ar|tu| present indicatiu -ar tu enviar 
1910|⊙ Ara mateix, ⊙ell/ella/vostè {{c1::envía::…enviar…}} (cartes)| ends_in_ar enviar irregular_form irregular_verb low_irregularity presente él_ella_usted |enviar|enviar|3|S|I|P|0|⊙ Ahora mismo, ⊙él/ella/usted {{c1::envía::…enviar…}} (cartas)|envia|VMIP3S00|central|M|0|||⊙ Ara mateix, ⊙ell/ella/vostè | (cartes)|⊙ Ara mateix, ⊙ell/ella/vostè {{c1::envia::…enviar…}} (cartes)|present|indicatiu|-ar|ell/ella/vostè| present indicatiu -ar ell/ella/vostè enviar 
1911|⊙ Ara mateix, ⊙nosaltres {{c1::enviamos::…enviar…}} (cartes)| ends_in_ar enviar irregular_verb low_irregularity nosotros presente regular_form |enviar|enviar|1|P|I|P|0|⊙ Ahora mismo, ⊙nosotros {{c1::enviamos::…enviar…}} (cartas)|enviem|VMIP1P00|central|M|0|||⊙ Ara mateix, ⊙nosaltres | (cartes)|⊙ Ara mateix, ⊙nosaltres {{c1::enviem::…enviar…}} (cartes)|present|indicatiu|-ar|nosaltres| present indicatiu -ar nosaltres enviar 
1912|⊙ Ara mateix, ⊙vosaltres {{c1::enviáis::…enviar…}} (cartes)| ends_in_ar enviar irregular_verb low_irregularity presente regular_form vosotros |enviar|enviar|2|P|I|P|0|⊙ Ahora mismo, ⊙vosotros {{c1::enviáis::…enviar…}} (cartas)|envieu|VMIP2P00|central|M|0|||⊙ Ara mateix, ⊙vosaltres | (cartes)|⊙ Ara mateix, ⊙vosaltres {{c1::envieu::…enviar…}} (cartes)|present|indicatiu|-ar|vosaltres| present indicatiu -ar vosaltres enviar 
1913|⊙ Ara mateix, ⊙ells/elles/vostès {{c1::envían::…enviar…}} (cartes)| ellos_ellas_ustedes ends_in_ar enviar irregular_form irregular_verb low_irregularity presente |enviar|enviar|3|P|I|P|0|⊙ Ahora mismo, ⊙ellos/ellas/ustedes {{c1::envían::…enviar…}} (cartas)|envien|VMIP3P00|central|M|0|||⊙ Ara mateix, ⊙ells/elles/vostès | (cartes)|⊙ Ara mateix, ⊙ells/elles/vostès {{c1::envien::…enviar…}} (cartes)|present|indicatiu|-ar|ells/elles/vostès| present indicatiu -ar ells/elles/vostès enviar 
1957|⊙ Ara mateix, ⊙jo {{c1::adquiero::…adquirir…}} (llibres)| adquirir ends_in_ir irregular_form irregular_verb low_irregularity presente yo |adquirir|adquirir|1|S|I|P|0|⊙ Ahora mismo, ⊙yo {{c1::adquiero::…adquirir…}} (libros)|adquireixo|VMIP1S0C|central|M|0|||⊙ Ara mateix, ⊙jo | (llibres)|⊙ Ara mateix, ⊙jo {{c1::adquireixo::…adquirir…}} (llibres)|present|indicatiu|-ir|jo| present indicatiu -ir jo adquirir 
1958|⊙ Ara mateix, ⊙tu {{c1::adquieres::…adquirir…}} (llibres)| adquirir ends_in_ir irregular_form irregular_verb low_irregularity presente tú tú_vos |adquirir|adquirir|2|S|I|P|0|⊙ Ahora mismo, ⊙tú {{c1::adquieres::…adquirir…}} (libros)|adquireixes|VMIP2S00|central|M|0|||⊙ Ara mateix, ⊙tu | (llibres)|⊙ Ara mateix, ⊙tu {{c1::adquireixes::…adquirir…}} (llibres)|present|indicatiu|-ir|tu| present indicatiu -ir tu adquirir 
1959|⊙ Ara mateix, ⊙ell/ella/vostè {{c1::adquiere::…adquirir…}} (llibres)| adquirir ends_in_ir irregular_form irregular_verb low_irregularity presente él_ella_usted |adquirir|adquirir|3|S|I|P|0|⊙ Ahora mismo, ⊙él/ella/usted {{c1::adquiere::…adquirir…}} (libros)|adquireix|VMIP3S00|central|M|0|||⊙ Ara mateix, ⊙ell/ella/vostè | (llibres)|⊙ Ara mateix, ⊙ell/ella/vostè {{c1::adquireix::…adquirir…}} (llibres)|present|indicatiu|-ir|ell/ella/vostè| present indicatiu -ir ell/ella/vostè adquirir 
1960|⊙ Ara mateix, ⊙nosaltres {{c1::adquirimos::…adquirir…}} (llibres)| adquirir ends_in_ir irregular_verb low_irregularity nosotros presente regular_form |adquirir|adquirir|1|P|I|P|0|⊙ Ahora mismo, ⊙nosotros {{c1::adquirimos::…adquirir…}} (libros)|adquirim|VMIP1P00|central|M|0|||⊙ Ara mateix, ⊙nosaltres | (llibres)|⊙ Ara mateix, ⊙nosaltres {{c1::adquirim::…adquirir…}} (llibres)|present|indicatiu|-ir|nosaltres| present indicatiu -ir nosaltres adquirir 
1961|⊙ Ara mateix, ⊙vosaltres {{c1::adquirís::…adquirir…}} (llibres)| adquirir ends_in_ir irregular_verb low_irregularity presente regular_form vosotros |adquirir|adquirir|2|P|I|P|0|⊙ Ahora mismo, ⊙vosotros {{c1::adquirís::…adquirir…}} (libros)|adquiriu|VMIP2P00|central|M|0|||⊙ Ara mateix, ⊙vosaltres | (llibres)|⊙ Ara mateix, ⊙vosaltres {{c1::adquiriu::…adquirir…}} (llibres)|present|indicatiu|-ir|vosaltres| present indicatiu -ir vosaltres adquirir 
1962|⊙ Ara mateix, ⊙ells/elles/vostès {{c1::adquieren::…adquirir…}} (llibres)| adquirir ellos_ellas_ustedes ends_in_ir irregular_form irregular_verb low_irregularity presente |adquirir|adquirir|3|P|I|P|0|⊙ Ahora mismo, ⊙ellos/ellas/ustedes {{c1::adquieren::…adquirir…}} (libros)|adquireixen|VMIP3P00|central|M|0|||⊙ Ara mateix, ⊙ells/elles/vostès | (llibres)|⊙ Ara mateix, ⊙ells/elles/vostès {{c1::adquireixen::…adquirir…}} (llibres)|present|indicatiu|-ir|ells/elles/vostès| present indicatiu -ir ells/elles/vostès adquirir 
2006|⊙ Ara mateix, ⊙jo {{c1::cojo::…coger…}} (el tren)| coger ends_in_er presente regular_form regular_spelling_change regular_verb yo |coger|agafar|1|S|I|P|0|⊙ Ahora mismo, ⊙yo {{c1::cojo::…coger…}} (el tren)|agafo|VMIP1S0C|central|M|0|||⊙ Ara mateix, ⊙jo | (el tren)|⊙ Ara mateix, ⊙jo {{c1::agafo::…agafar…}} (el tren)|present|indicatiu|-ar|jo| present indicatiu -ar jo agafar 
2007|⊙ Ara mateix, ⊙tu {{c1::coges::…coger…}} (el tren)| coger ends_in_er in_the_wild presente refrán regular_form regular_verb tú tú_vos |coger|agafar|2|S|I|P|0|⊙ Ahora mismo, ⊙tú {{c1::coges::…coger…}} (el tren)|agafes|VMIP2S00|central|M|0|||⊙ Ara mateix, ⊙tu | (el tren)|⊙ Ara mateix, ⊙tu {{c1::agafes::…agafar…}} (el tren)|present|indicatiu|-ar|tu| present indicatiu -ar tu agafar 
2008|⊙ Ara mateix, ⊙ell/ella/vostè {{c1::coge::…coger…}} (el tren)| coger ends_in_er presente regular_form regular_verb él_ella_usted |coger|agafar|3|S|I|P|0|⊙ Ahora mismo, ⊙él/ella/usted {{c1::coge::…coger…}} (el tren)|agafa|VMIP3S00|central|M|0|||⊙ Ara mateix, ⊙ell/ella/vostè | (el tren)|⊙ Ara mateix, ⊙ell/ella/vostè {{c1::agafa::…agafar…}} (el tren)|present|indicatiu|-ar|ell/ella/vostè| present indicatiu -ar ell/ella/vostè agafar 
2009|⊙ Ara mateix, ⊙nosaltres {{c1::cogemos::…coger…}} (el tren)| coger ends_in_er nosotros presente regular_form regular_verb |coger|agafar|1|P|I|P|0|⊙ Ahora mismo, ⊙nosotros {{c1::cogemos::…coger…}} (el tren)|agafem|VMIP1P00|central|M|0|||⊙ Ara mateix, ⊙nosaltres | (el tren)|⊙ Ara mateix, ⊙nosaltres {{c1::agafem::…agafar…}} (el tren)|present|indicatiu|-ar|nosaltres| present indicatiu -ar nosaltres agafar 
2010|⊙ Ara mateix, ⊙vosaltres {{c1::cogéis::…coger…}} (el tren)| coger ends_in_er presente regular_form regular_verb vosotros |coger|agafar|2|P|I|P|0|⊙ Ahora mismo, ⊙vosotros {{c1::cogéis::…coger…}} (el tren)|agafeu|VMIP2P00|central|M|0|||⊙ Ara mateix, ⊙vosaltres | (el tren)|⊙ Ara mateix, ⊙vosaltres {{c1::agafeu::…agafar…}} (el tren)|present|indicatiu|-ar|vosaltres| present indicatiu -ar vosaltres agafar 
2011|⊙ Ara mateix, ⊙ells/elles/vostès {{c1::cogen::…coger…}} (el tren)| coger ellos_ellas_ustedes ends_in_er in_the_wild presente refrán regular_form regular_verb |coger|agafar|3|P|I|P|0|⊙ Ahora mismo, ⊙ellos/ellas/ustedes {{c1::cogen::…coger…}} (el tren)|agafen|VMIP3P00|central|M|0|||⊙ Ara mateix, ⊙ells/elles/vostès | (el tren)|⊙ Ara mateix, ⊙ells/elles/vostès {{c1::agafen::…agafar…}} (el tren)|present|indicatiu|-ar|ells/elles/vostès| present indicatiu -ar ells/elles/vostès agafar 
2055|⊙ Ara mateix, ⊙jo {{c1::sonrío::…sonreír…}} (socarronamente)| dicho ends_in_ír high_irregularity in_the_wild irregular_form irregular_verb presente sonreír yo |sonreír|somriure|1|S|I|P|0|⊙ Ahora mismo, ⊙yo {{c1::sonrío::…sonreír…}} (socarronamente)|somric|VMIP1S00|central|M|0|||⊙ Ara mateix, ⊙jo | (socarronamente)|⊙ Ara mateix, ⊙jo {{c1::somric::…somriure…}} (socarronamente)|present|indicatiu|-re|jo| present indicatiu -re jo somriure 
2056|⊙ Ara mateix, ⊙tu {{c1::sonríes::…sonreír…}} (socarronamente)| ends_in_ír high_irregularity irregular_form irregular_verb presente sonreír tú tú_vos |sonreír|somriure|2|S|I|P|0|⊙ Ahora mismo, ⊙tú {{c1::sonríes::…sonreír…}} (socarronamente)|somrius|VMIP2S00|central|M|0|||⊙ Ara mateix, ⊙tu | (socarronamente)|⊙ Ara mateix, ⊙tu {{c1::somrius::…somriure…}} (socarronamente)|present|indicatiu|-re|tu| present indicatiu -re tu somriure 
2057|⊙ Ara mateix, ⊙ell/ella/vostè {{c1::sonríe::…sonreír…}} (socarronamente)| ends_in_ír high_irregularity irregular_form irregular_verb presente sonreír él_ella_usted |sonreír|somriure|3|S|I|P|0|⊙ Ahora mismo, ⊙él/ella/usted {{c1::sonríe::…sonreír…}} (socarronamente)|somriu|VMIP3S00|central|M|0|||⊙ Ara mateix, ⊙ell/ella/vostè | (socarronamente)|⊙ Ara mateix, ⊙ell/ella/vostè {{c1::somriu::…somriure…}} (socarronamente)|present|indicatiu|-re|ell/ella/vostè| present indicatiu -re ell/ella/vostè somriure 
2058|⊙ Ara mateix, ⊙nosaltres {{c1::sonreímos::…sonreír…}} (socarronamente)| ends_in_ír high_irregularity irregular_verb nosotros presente regular_form sonreír |sonreír|somriure|1|P|I|P|0|⊙ Ahora mismo, ⊙nosotros {{c1::sonreímos::…sonreír…}} (socarronamente)|somriem|VMIP1P00|central|M|0|||⊙ Ara mateix, ⊙nosaltres | (socarronamente)|⊙ Ara mateix, ⊙nosaltres {{c1::somriem::…somriure…}} (socarronamente)|present|indicatiu|-re|nosaltres| present indicatiu -re nosaltres somriure 
2059|⊙ Ara mateix, ⊙vosaltres {{c1::sonreís::…sonreír…}} (socarronamente)| ends_in_ír high_irregularity irregular_verb presente regular_form sonreír vosotros |sonreír|somriure|2|P|I|P|0|⊙ Ahora mismo, ⊙vosotros {{c1::sonreís::…sonreír…}} (socarronamente)|somrieu|VMIP2P00|central|M|0|||⊙ Ara mateix, ⊙vosaltres | (socarronamente)|⊙ Ara mateix, ⊙vosaltres {{c1::somrieu::…somriure…}} (socarronamente)|present|indicatiu|-re|vosaltres| present indicatiu -re vosaltres somriure 
2060|⊙ Ara mateix, ⊙ells/elles/vostès {{c1::sonríen::…sonreír…}} (socarronamente)| ellos_ellas_ustedes ends_in_ír high_irregularity irregular_form irregular_verb presente sonreír |sonreír|somriure|3|P|I|P|0|⊙ Ahora mismo, ⊙ellos/ellas/ustedes {{c1::sonríen::…sonreír…}} (socarronamente)|somriuen|VMIP3P00|central|M|0|||⊙ Ara mateix, ⊙ells/elles/vostès | (socarronamente)|⊙ Ara mateix, ⊙ells/elles/vostès {{c1::somriuen::…somriure…}} (socarronamente)|present|indicatiu|-re|ells/elles/vostès| present indicatiu -re ells/elles/vostès somriure 
2104|⊙ Ara mateix, ⊙jo {{c1::prohíbo::…prohibir…}} (als nens que criden)| ends_in_ir presente prohibir regular_form regular_spelling_change regular_verb yo |prohibir|prohibir|1|S|I|P|0|⊙ Ahora mismo, ⊙yo {{c1::prohíbo::…prohibir…}} (a los niños que griten)|prohibeixo|VMIP1S0C|central|M|0|||⊙ Ara mateix, ⊙jo | (als nens que criden)|⊙ Ara mateix, ⊙jo {{c1::prohibeixo::…prohibir…}} (als nens que criden)|present|indicatiu|-ir|jo| present indicatiu -ir jo prohibir 
2105|⊙ Ara mateix, ⊙tu {{c1::prohíbes::…prohibir…}} (als nens que criden)| ends_in_ir presente prohibir regular_form regular_spelling_change regular_verb tú tú_vos |prohibir|prohibir|2|S|I|P|0|⊙ Ahora mismo, ⊙tú {{c1::prohíbes::…prohibir…}} (a los niños que griten)|prohibeixes|VMIP2S00|central|M|0|||⊙ Ara mateix, ⊙tu | (als nens que criden)|⊙ Ara mateix, ⊙tu {{c1::prohibeixes::…prohibir…}} (als nens que criden)|present|indicatiu|-ir|tu| present indicatiu -ir tu prohibir 
2106|⊙ Ara mateix, ⊙ell/ella/vostè {{c1::prohíbe::…prohibir…}} (als nens que criden)| ends_in_ir presente prohibir regular_form regular_spelling_change regular_verb él_ella_usted |prohibir|prohibir|3|S|I|P|0|⊙ Ahora mismo, ⊙él/ella/usted {{c1::prohíbe::…prohibir…}} (a los niños que griten)|prohibeix|VMIP3S00|central|M|0|||⊙ Ara mateix, ⊙ell/ella/vostè | (als nens que criden)|⊙ Ara mateix, ⊙ell/ella/vostè {{c1::prohibeix::…prohibir…}} (als nens que criden)|present|indicatiu|-ir|ell/ella/vostè| present indicatiu -ir ell/ella/vostè prohibir 
2107|⊙ Ara mateix, ⊙nosaltres {{c1::prohibimos::…prohibir…}} (als nens que criden)| ends_in_ir nosotros presente prohibir regular_form regular_verb |prohibir|prohibir|1|P|I|P|0|⊙ Ahora mismo, ⊙nosotros {{c1::prohibimos::…prohibir…}} (a los niños que griten)|prohibim|VMIP1P00|central|M|0|||⊙ Ara mateix, ⊙nosaltres | (als nens que criden)|⊙ Ara mateix, ⊙nosaltres {{c1::prohibim::…prohibir…}} (als nens que criden)|present|indicatiu|-ir|nosaltres| present indicatiu -ir nosaltres prohibir 
2108|⊙ Ara mateix, ⊙vosaltres {{c1::prohibís::…prohibir…}} (als nens que criden)| ends_in_ir presente prohibir regular_form regular_verb vosotros |prohibir|prohibir|2|P|I|P|0|⊙ Ahora mismo, ⊙vosotros {{c1::prohibís::…prohibir…}} (a los niños que griten)|prohibiu|VMIP2P00|central|M|0|||⊙ Ara mateix, ⊙vosaltres | (als nens que criden)|⊙ Ara mateix, ⊙vosaltres {{c1::prohibiu::…prohibir…}} (als nens que criden)|present|indicatiu|-ir|vosaltres| present indicatiu -ir vosaltres prohibir 
2109|⊙ Ara mateix, ⊙ells/elles/vostès {{c1::prohíben::…prohibir…}} (als nens que criden)| ellos_ellas_ustedes ends_in_ir presente prohibir regular_form regular_spelling_change regular_verb |prohibir|prohibir|3|P|I|P|0|⊙ Ahora mismo, ⊙ellos/ellas/ustedes {{c1::prohíben::…prohibir…}} (a los niños que griten)|prohibeixen|VMIP3P00|central|M|0|||⊙ Ara mateix, ⊙ells/elles/vostès | (als nens que criden)|⊙ Ara mateix, ⊙ells/elles/vostès {{c1::prohibeixen::…prohibir…}} (als nens que criden)|present|indicatiu|-ir|ells/elles/vostès| present indicatiu -ir ells/elles/vostès prohibir 
2153|⊙ Ara mateix, ⊙jo {{c1::huelo::…oler…}} (les escombraries)| ends_in_er irregular_form irregular_verb low_irregularity oler presente yo |oler|olorar|1|S|I|P|0|⊙ Ahora mismo, ⊙yo {{c1::huelo::…oler…}} (la basura)|oloro|VMIP1S0C|central|M|0|||⊙ Ara mateix, ⊙jo | (les escombraries)|⊙ Ara mateix, ⊙jo {{c1::oloro::…olorar…}} (les escombraries)|present|indicatiu|-ar|jo| present indicatiu -ar jo olorar 
2154|⊙ Ara mateix, ⊙tu {{c1::hueles::…oler…}} (les escombraries)| ends_in_er irregular_form irregular_verb low_irregularity oler presente tú tú_vos |oler|olorar|2|S|I|P|0|⊙ Ahora mismo, ⊙tú {{c1::hueles::…oler…}} (la basura)|olores|VMIP2S00|central|M|0|||⊙ Ara mateix, ⊙tu | (les escombraries)|⊙ Ara mateix, ⊙tu {{c1::olores::…olorar…}} (les escombraries)|present|indicatiu|-ar|tu| present indicatiu -ar tu olorar 
2155|⊙ Ara mateix, ⊙ell/ella/vostè {{c1::huele::…oler…}} (les escombraries)| ends_in_er in_the_wild irregular_form irregular_verb low_irregularity modismo oler presente él_ella_usted |oler|olorar|3|S|I|P|0|⊙ Ahora mismo, ⊙él/ella/usted {{c1::huele::…oler…}} (la basura)|olora|VMIP3S00|central|M|0|||⊙ Ara mateix, ⊙ell/ella/vostè | (les escombraries)|⊙ Ara mateix, ⊙ell/ella/vostè {{c1::olora::…olorar…}} (les escombraries)|present|indicatiu|-ar|ell/ella/vostè| present indicatiu -ar ell/ella/vostè olorar 
2156|⊙ Ara mateix, ⊙nosaltres {{c1::olemos::…oler…}} (les escombraries)| ends_in_er irregular_verb low_irregularity nosotros oler presente regular_form |oler|olorar|1|P|I|P|0|⊙ Ahora mismo, ⊙nosotros {{c1::olemos::…oler…}} (la basura)|olorem|VMIP1P00|central|M|0|||⊙ Ara mateix, ⊙nosaltres | (les escombraries)|⊙ Ara mateix, ⊙nosaltres {{c1::olorem::…olorar…}} (les escombraries)|present|indicatiu|-ar|nosaltres| present indicatiu -ar nosaltres olorar 
2157|⊙ Ara mateix, ⊙vosaltres {{c1::oléis::…oler…}} (les escombraries)| ends_in_er irregular_verb low_irregularity oler presente regular_form vosotros |oler|olorar|2|P|I|P|0|⊙ Ahora mismo, ⊙vosotros {{c1::oléis::…oler…}} (la basura)|oloreu|VMIP2P00|central|M|0|||⊙ Ara mateix, ⊙vosaltres | (les escombraries)|⊙ Ara mateix, ⊙vosaltres {{c1::oloreu::…olorar…}} (les escombraries)|present|indicatiu|-ar|vosaltres| present indicatiu -ar vosaltres olorar 
2158|⊙ Ara mateix, ⊙ells/elles/vostès {{c1::huelen::…oler…}} (les escombraries)| ellos_ellas_ustedes ends_in_er in_the_wild irregular_form irregular_verb low_irregularity oler presente refrán |oler|olorar|3|P|I|P|0|⊙ Ahora mismo, ⊙ellos/ellas/ustedes {{c1::huelen::…oler…}} (la basura)|oloren|VMIP3P00|central|M|0|||⊙ Ara mateix, ⊙ells/elles/vostès | (les escombraries)|⊙ Ara mateix, ⊙ells/elles/vostès {{c1::oloren::…olorar…}} (les escombraries)|present|indicatiu|-ar|ells/elles/vostès| present indicatiu -ar ells/elles/vostès olorar 
2202|⊙ Ara mateix, ⊙jo {{c1::luzco::…lucir…}} (feliç)| ends_in_ir irregular_form irregular_verb low_irregularity lucir presente yo |lucir|lluir|1|S|I|P|0|⊙ Ahora mismo, ⊙yo {{c1::luzco::…lucir…}} (feliz)|llueixo|VMIP1S0C|central|M|0|||⊙ Ara mateix, ⊙jo | (feliç)|⊙ Ara mateix, ⊙jo {{c1::llueixo::…lluir…}} (feliç)|present|indicatiu|-ir|jo| present indicatiu -ir jo lluir 
2203|⊙ Ara mateix, ⊙tu {{c1::luces::…lucir…}} (feliç)| ends_in_ir irregular_verb low_irregularity lucir presente regular_form tú tú_vos |lucir|lluir|2|S|I|P|0|⊙ Ahora mismo, ⊙tú {{c1::luces::…lucir…}} (feliz)|llueixes|VMIP2S00|central|M|0|||⊙ Ara mateix, ⊙tu | (feliç)|⊙ Ara mateix, ⊙tu {{c1::llueixes::…lluir…}} (feliç)|present|indicatiu|-ir|tu| present indicatiu -ir tu lluir 
2204|⊙ Ara mateix, ⊙ell/ella/vostè {{c1::luce::…lucir…}} (feliç)| dicho ends_in_ir in_the_wild irregular_verb low_irregularity lucir presente regular_form él_ella_usted |lucir|lluir|3|S|I|P|0|⊙ Ahora mismo, ⊙él/ella/usted {{c1::luce::…lucir…}} (feliz)|llueix|VMIP3S00|central|M|0|||⊙ Ara mateix, ⊙ell/ella/vostè | (feliç)|⊙ Ara mateix, ⊙ell/ella/vostè {{c1::llueix::…lluir…}} (feliç)|present|indicatiu|-ir|ell/ella/vostè| present indicatiu -ir ell/ella/vostè lluir 
2205|⊙ Ara mateix, ⊙nosaltres {{c1::lucimos::…lucir…}} (feliços)| ends_in_ir irregular_verb low_irregularity lucir nosotros presente regular_form |lucir|lluir|1|P|I|P|0|⊙ Ahora mismo, ⊙nosotros {{c1::lucimos::…lucir…}} (felices)|lluïm|VMIP1P00|central|M|0|||⊙ Ara mateix, ⊙nosaltres | (feliços)|⊙ Ara mateix, ⊙nosaltres {{c1::lluïm::…lluir…}} (feliços)|present|indicatiu|-ir|nosaltres| present indicatiu -ir nosaltres lluir 
2206|⊙ Ara mateix, ⊙vosaltres {{c1::lucís::…lucir…}} (feliços)| ends_in_ir irregular_verb low_irregularity lucir presente regular_form vosotros |lucir|lluir|2|P|I|P|0|⊙ Ahora mismo, ⊙vosotros {{c1::lucís::…lucir…}} (felices)|lluïu|VMIP2P00|central|M|0|||⊙ Ara mateix, ⊙vosaltres | (feliços)|⊙ Ara mateix, ⊙vosaltres {{c1::lluïu::…lluir…}} (feliços)|present|indicatiu|-ir|vosaltres| present indicatiu -ir vosaltres lluir 
2207|⊙ Ara mateix, ⊙ells/elles/vostès {{c1::lucen::…lucir…}} (feliços)| ellos_ellas_ustedes ends_in_ir irregular_verb low_irregularity lucir presente regular_form |lucir|lluir|3|P|I|P|0|⊙ Ahora mismo, ⊙ellos/ellas/ustedes {{c1::lucen::…lucir…}} (felices)|llueixen|VMIP3P00|central|M|0|||⊙ Ara mateix, ⊙ells/elles/vostès | (feliços)|⊙ Ara mateix, ⊙ells/elles/vostès {{c1::llueixen::…lluir…}} (feliços)|present|indicatiu|-ir|ells/elles/vostès| present indicatiu -ir ells/elles/vostès lluir 
2251|⊙ Ara mateix, ⊙jo {{c1::aíslo::…aislar…}} (als nens)| aislar ends_in_ar irregular_form irregular_verb low_irregularity presente yo |aislar|aïllar|1|S|I|P|0|⊙ Ahora mismo, ⊙yo {{c1::aíslo::…aislar…}} (a los niños)|aïllo|VMIP1S0C|central|M|0|||⊙ Ara mateix, ⊙jo | (als nens)|⊙ Ara mateix, ⊙jo {{c1::aïllo::…aïllar…}} (als nens)|present|indicatiu|-ar|jo| present indicatiu -ar jo aïllar 
2252|⊙ Ara mateix, ⊙tu {{c1::aíslas::…aislar…}} (als nens)| aislar ends_in_ar irregular_form irregular_verb low_irregularity presente tú tú_vos |aislar|aïllar|2|S|I|P|0|⊙ Ahora mismo, ⊙tú {{c1::aíslas::…aislar…}} (a los niños)|aïlles|VMIP2S00|central|M|0|||⊙ Ara mateix, ⊙tu | (als nens)|⊙ Ara mateix, ⊙tu {{c1::aïlles::…aïllar…}} (als nens)|present|indicatiu|-ar|tu| present indicatiu -ar tu aïllar 
2253|⊙ Ara mateix, ⊙ell/ella/vostè {{c1::aísla::…aislar…}} (als nens)| aislar ends_in_ar irregular_form irregular_verb low_irregularity presente él_ella_usted |aislar|aïllar|3|S|I|P|0|⊙ Ahora mismo, ⊙él/ella/usted {{c1::aísla::…aislar…}} (a los niños)|aïlla|VMIP3S00|central|M|0|||⊙ Ara mateix, ⊙ell/ella/vostè | (als nens)|⊙ Ara mateix, ⊙ell/ella/vostè {{c1::aïlla::…aïllar…}} (als nens)|present|indicatiu|-ar|ell/ella/vostè| present indicatiu -ar ell/ella/vostè aïllar 
2254|⊙ Ara mateix, ⊙nosaltres {{c1::aislamos::…aislar…}} (als nens)| aislar ends_in_ar irregular_verb low_irregularity nosotros presente regular_form |aislar|aïllar|1|P|I|P|0|⊙ Ahora mismo, ⊙nosotros {{c1::aislamos::…aislar…}} (a los niños)|aïllem|VMIP1P00|central|M|0|||⊙ Ara mateix, ⊙nosaltres | (als nens)|⊙ Ara mateix, ⊙nosaltres {{c1::aïllem::…aïllar…}} (als nens)|present|indicatiu|-ar|nosaltres| present indicatiu -ar nosaltres aïllar 
2255|⊙ Ara mateix, ⊙vosaltres {{c1::aisláis::…aislar…}} (als nens)| aislar ends_in_ar irregular_verb low_irregularity presente regular_form vosotros |aislar|aïllar|2|P|I|P|0|⊙ Ahora mismo, ⊙vosotros {{c1::aisláis::…aislar…}} (a los niños)|aïlleu|VMIP2P00|central|M|0|||⊙ Ara mateix, ⊙vosaltres | (als nens)|⊙ Ara mateix, ⊙vosaltres {{c1::aïlleu::…aïllar…}} (als nens)|present|indicatiu|-ar|vosaltres| present indicatiu -ar vosaltres aïllar 
2256|⊙ Ara mateix, ⊙ells/elles/vostès {{c1::aíslan::…aislar…}} (als nens)| aislar ellos_ellas_ustedes ends_in_ar irregular_form irregular_verb low_irregularity presente |aislar|aïllar|3|P|I|P|0|⊙ Ahora mismo, ⊙ellos/ellas/ustedes {{c1::aíslan::…aislar…}} (a los niños)|aïllen|VMIP3P00|central|M|0|||⊙ Ara mateix, ⊙ells/elles/vostès | (als nens)|⊙ Ara mateix, ⊙ells/elles/vostès {{c1::aïllen::…aïllar…}} (als nens)|present|indicatiu|-ar|ells/elles/vostès| present indicatiu -ar ells/elles/vostès aïllar 
2300|"⊙ Ara mateix, ⊙jo {{c1::adecuo | adecúo::…adecuar…}} (la velocitat al trànsit)"| adecuar ends_in_ar irregular_form irregular_verb low_irregularity presente yo |adecuar|adequar|1|S|I|P|0|"⊙ Ahora mismo, ⊙yo {{c1::adecuo | adecúo::…adecuar…}} (la velocidad al tráfico)"|adequo|VMIP1S0Y|central|M|0|||⊙ Ara mateix, ⊙jo | (la velocitat al trànsit)|⊙ Ara mateix, ⊙jo {{c1::adequo::…adequar…}} (la velocitat al trànsit)|present|indicatiu|-ar|jo| present indicatiu -ar jo adequar 
2301|"⊙ Ara mateix, ⊙tu {{c1::adecuas | adecúas::…adecuar…}} (la velocitat al trànsit)"| adecuar ends_in_ar irregular_form irregular_verb low_irregularity presente tú tú_vos |adecuar|adequar|2|S|I|P|0|"⊙ Ahora mismo, ⊙tú {{c1::adecuas | adecúas::…adecuar…}} (la velocidad al tráfico)"|adeqües|VMIP2S00|central|M|0|||⊙ Ara mateix, ⊙tu | (la velocitat al trànsit)|⊙ Ara mateix, ⊙tu {{c1::adeqües::…adequar…}} (la velocitat al trànsit)|present|indicatiu|-ar|tu| present indicatiu -ar tu adequar 
2302|"⊙ Ara mateix, ⊙ell/ella/vostè {{c1::adecua | adecúa::…adecuar…}} (la velocitat al trànsit)"| adecuar ends_in_ar irregular_form irregular_verb low_irregularity presente él_ella_usted |adecuar|adequar|3|S|I|P|0|"⊙ Ahora mismo, ⊙él/ella/usted {{c1::adecua | adecúa::…adecuar…}} (la velocidad al tráfico)"|adequa|VMIP3S00|central|M|0|||⊙ Ara mateix, ⊙ell/ella/vostè | (la velocitat al trànsit)|⊙ Ara mateix, ⊙ell/ella/vostè {{c1::adequa::…adequar…}} (la velocitat al trànsit)|present|indicatiu|-ar|ell/ella/vostè| present indicatiu -ar ell/ella/vostè adequar 
2303|⊙ Ara mateix, ⊙nosaltres {{c1::adecuamos::…adecuar…}} (la velocitat al trànsit)| adecuar ends_in_ar irregular_verb low_irregularity nosotros presente regular_form |adecuar|adequar|1|P|I|P|0|⊙ Ahora mismo, ⊙nosotros {{c1::adecuamos::…adecuar…}} (la velocidad al tráfico)|adeqüem|VMIP1P00|central|M|0|||⊙ Ara mateix, ⊙nosaltres | (la velocitat al trànsit)|⊙ Ara mateix, ⊙nosaltres {{c1::adeqüem::…adequar…}} (la velocitat al trànsit)|present|indicatiu|-ar|nosaltres| present indicatiu -ar nosaltres adequar 
2304|⊙ Ara mateix, ⊙vosaltres {{c1::adecuáis::…adecuar…}} (la velocitat al trànsit)| adecuar ends_in_ar irregular_verb low_irregularity presente regular_form vosotros |adecuar|adequar|2|P|I|P|0|⊙ Ahora mismo, ⊙vosotros {{c1::adecuáis::…adecuar…}} (la velocidad al tráfico)|adeqüeu|VMIP2P00|central|M|0|||⊙ Ara mateix, ⊙vosaltres | (la velocitat al trànsit)|⊙ Ara mateix, ⊙vosaltres {{c1::adeqüeu::…adequar…}} (la velocitat al trànsit)|present|indicatiu|-ar|vosaltres| present indicatiu -ar vosaltres adequar 
2305|"⊙ Ara mateix, ⊙ells/elles/vostès {{c1::adecuan | adecúan::…adecuar…}} (la velocitat al trànsit)"| adecuar ellos_ellas_ustedes ends_in_ar irregular_form irregular_verb low_irregularity presente |adecuar|adequar|3|P|I|P|0|"⊙ Ahora mismo, ⊙ellos/ellas/ustedes {{c1::adecuan | adecúan::…adecuar…}} (la velocidad al tráfico)"|adeqüen|VMIP3P00|central|M|0|||⊙ Ara mateix, ⊙ells/elles/vostès | (la velocitat al trànsit)|⊙ Ara mateix, ⊙ells/elles/vostès {{c1::adeqüen::…adequar…}} (la velocitat al trànsit)|present|indicatiu|-ar|ells/elles/vostès| present indicatiu -ar ells/elles/vostès adequar 
2349|⊙ Ara mateix, ⊙jo {{c1::averiguo::…averiguar…}} (els càlculs)| averiguar ends_in_ar irregular_verb low_irregularity presente regular_form yo |averiguar|esbrinar|1|S|I|P|0|⊙ Ahora mismo, ⊙yo {{c1::averiguo::…averiguar…}} (los cálculos)|esbrino|VMIP1S0C|central|M|0|||⊙ Ara mateix, ⊙jo | (els càlculs)|⊙ Ara mateix, ⊙jo {{c1::esbrino::…esbrinar…}} (els càlculs)|present|indicatiu|-ar|jo| present indicatiu -ar jo esbrinar 
2350|⊙ Ara mateix, ⊙tu {{c1::averiguas::…averiguar…}} (els càlculs)| averiguar ends_in_ar irregular_verb low_irregularity presente regular_form tú tú_vos |averiguar|esbrinar|2|S|I|P|0|⊙ Ahora mismo, ⊙tú {{c1::averiguas::…averiguar…}} (los cálculos)|esbrines|VMIP2S00|central|M|0|||⊙ Ara mateix, ⊙tu | (els càlculs)|⊙ Ara mateix, ⊙tu {{c1::esbrines::…esbrinar…}} (els càlculs)|present|indicatiu|-ar|tu| present indicatiu -ar tu esbrinar 
2351|⊙ Ara mateix, ⊙ell/ella/vostè {{c1::averigua::…averiguar…}} (els càlculs)| averiguar ends_in_ar irregular_verb low_irregularity presente regular_form él_ella_usted |averiguar|esbrinar|3|S|I|P|0|⊙ Ahora mismo, ⊙él/ella/usted {{c1::averigua::…averiguar…}} (los cálculos)|esbrina|VMIP3S00|central|M|0|||⊙ Ara mateix, ⊙ell/ella/vostè | (els càlculs)|⊙ Ara mateix, ⊙ell/ella/vostè {{c1::esbrina::…esbrinar…}} (els càlculs)|present|indicatiu|-ar|ell/ella/vostè| present indicatiu -ar ell/ella/vostè esbrinar 
2352|⊙ Ara mateix, ⊙nosaltres {{c1::averiguamos::…averiguar…}} (els càlculs)| averiguar ends_in_ar irregular_verb low_irregularity nosotros presente regular_form |averiguar|esbrinar|1|P|I|P|0|⊙ Ahora mismo, ⊙nosotros {{c1::averiguamos::…averiguar…}} (los cálculos)|esbrinem|VMIP1P00|central|M|0|||⊙ Ara mateix, ⊙nosaltres | (els càlculs)|⊙ Ara mateix, ⊙nosaltres {{c1::esbrinem::…esbrinar…}} (els càlculs)|present|indicatiu|-ar|nosaltres| present indicatiu -ar nosaltres esbrinar 
2353|⊙ Ara mateix, ⊙vosaltres {{c1::averiguáis::…averiguar…}} (els càlculs)| averiguar ends_in_ar irregular_verb low_irregularity presente regular_form vosotros |averiguar|esbrinar|2|P|I|P|0|⊙ Ahora mismo, ⊙vosotros {{c1::averiguáis::…averiguar…}} (los cálculos)|esbrineu|VMIP2P00|central|M|0|||⊙ Ara mateix, ⊙vosaltres | (els càlculs)|⊙ Ara mateix, ⊙vosaltres {{c1::esbrineu::…esbrinar…}} (els càlculs)|present|indicatiu|-ar|vosaltres| present indicatiu -ar vosaltres esbrinar 
2354|⊙ Ara mateix, ⊙ells/elles/vostès {{c1::averiguan::…averiguar…}} (els càlculs)| averiguar ellos_ellas_ustedes ends_in_ar irregular_verb low_irregularity presente regular_form |averiguar|esbrinar|3|P|I|P|0|⊙ Ahora mismo, ⊙ellos/ellas/ustedes {{c1::averiguan::…averiguar…}} (los cálculos)|esbrinen|VMIP3P00|central|M|0|||⊙ Ara mateix, ⊙ells/elles/vostès | (els càlculs)|⊙ Ara mateix, ⊙ells/elles/vostès {{c1::esbrinen::…esbrinar…}} (els càlculs)|present|indicatiu|-ar|ells/elles/vostès| present indicatiu -ar ells/elles/vostès esbrinar 
2398|⊙ Ara mateix, ⊙jo {{c1::bendigo::…bendecir…}} (la bona sort)| bendecir ends_in_ir high_irregularity irregular_form irregular_verb presente yo |bendecir|beneir|1|S|I|P|0|⊙ Ahora mismo, ⊙yo {{c1::bendigo::…bendecir…}} (la buena suerte)|beneeixo|VMIP1S0C|central|M|0|||⊙ Ara mateix, ⊙jo | (la bona sort)|⊙ Ara mateix, ⊙jo {{c1::beneeixo::…beneir…}} (la bona sort)|present|indicatiu|-ir|jo| present indicatiu -ir jo beneir 
2399|⊙ Ara mateix, ⊙tu {{c1::bendices::…bendecir…}} (la bona sort)| bendecir ends_in_ir high_irregularity irregular_form irregular_verb presente tú tú_vos |bendecir|beneir|2|S|I|P|0|⊙ Ahora mismo, ⊙tú {{c1::bendices::…bendecir…}} (la buena suerte)|beneeixes|VMIP2S00|central|M|0|||⊙ Ara mateix, ⊙tu | (la bona sort)|⊙ Ara mateix, ⊙tu {{c1::beneeixes::…beneir…}} (la bona sort)|present|indicatiu|-ir|tu| present indicatiu -ir tu beneir 
2400|⊙ Ara mateix, ⊙ell/ella/vostè {{c1::bendice::…bendecir…}} (la bona sort)| bendecir ends_in_ir high_irregularity irregular_form irregular_verb presente él_ella_usted |bendecir|beneir|3|S|I|P|0|⊙ Ahora mismo, ⊙él/ella/usted {{c1::bendice::…bendecir…}} (la buena suerte)|beneeix|VMIP3S00|central|M|0|||⊙ Ara mateix, ⊙ell/ella/vostè | (la bona sort)|⊙ Ara mateix, ⊙ell/ella/vostè {{c1::beneeix::…beneir…}} (la bona sort)|present|indicatiu|-ir|ell/ella/vostè| present indicatiu -ir ell/ella/vostè beneir 
2401|⊙ Ara mateix, ⊙nosaltres {{c1::bendecimos::…bendecir…}} (la bona sort)| bendecir ends_in_ir high_irregularity irregular_verb nosotros presente regular_form |bendecir|beneir|1|P|I|P|0|⊙ Ahora mismo, ⊙nosotros {{c1::bendecimos::…bendecir…}} (la buena suerte)|beneïm|VMIP1P00|central|M|0|||⊙ Ara mateix, ⊙nosaltres | (la bona sort)|⊙ Ara mateix, ⊙nosaltres {{c1::beneïm::…beneir…}} (la bona sort)|present|indicatiu|-ir|nosaltres| present indicatiu -ir nosaltres beneir 
2402|⊙ Ara mateix, ⊙vosaltres {{c1::bendecís::…bendecir…}} (la bona sort)| bendecir ends_in_ir high_irregularity irregular_verb presente regular_form vosotros |bendecir|beneir|2|P|I|P|0|⊙ Ahora mismo, ⊙vosotros {{c1::bendecís::…bendecir…}} (la buena suerte)|beneïu|VMIP2P00|central|M|0|||⊙ Ara mateix, ⊙vosaltres | (la bona sort)|⊙ Ara mateix, ⊙vosaltres {{c1::beneïu::…beneir…}} (la bona sort)|present|indicatiu|-ir|vosaltres| present indicatiu -ir vosaltres beneir 
2403|⊙ Ara mateix, ⊙ells/elles/vostès {{c1::bendicen::…bendecir…}} (la bona sort)| bendecir ellos_ellas_ustedes ends_in_ir high_irregularity in_the_wild irregular_form irregular_verb presente refrán |bendecir|beneir|3|P|I|P|0|⊙ Ahora mismo, ⊙ellos/ellas/ustedes {{c1::bendicen::…bendecir…}} (la buena suerte)|beneeixen|VMIP3P00|central|M|0|||⊙ Ara mateix, ⊙ells/elles/vostès | (la bona sort)|⊙ Ara mateix, ⊙ells/elles/vostès {{c1::beneeixen::…beneir…}} (la bona sort)|present|indicatiu|-ir|ells/elles/vostès| present indicatiu -ir ells/elles/vostès beneir 
2447|⊙ Ara mateix, ⊙jo {{c1::complazco::…complacer…}} (a l'amo)| complacer ends_in_er irregular_form irregular_verb moderate_irregularity presente yo |complacer|complaure|1|S|I|P|0|⊙ Ahora mismo, ⊙yo {{c1::complazco::…complacer…}} (al dueño)|complac|VMIP1S00|central|M|0|||⊙ Ara mateix, ⊙jo | (a l'amo)|⊙ Ara mateix, ⊙jo {{c1::complac::…complaure…}} (a l'amo)|present|indicatiu|-re|jo| present indicatiu -re jo complaure 
2448|⊙ Ara mateix, ⊙tu {{c1::complaces::…complacer…}} (a l'amo)| complacer ends_in_er irregular_verb moderate_irregularity presente regular_form tú tú_vos |complacer|complaure|2|S|I|P|0|⊙ Ahora mismo, ⊙tú {{c1::complaces::…complacer…}} (al dueño)|complaus|VMIP2S00|central|M|0|||⊙ Ara mateix, ⊙tu | (a l'amo)|⊙ Ara mateix, ⊙tu {{c1::complaus::…complaure…}} (a l'amo)|present|indicatiu|-re|tu| present indicatiu -re tu complaure 
2449|⊙ Ara mateix, ⊙ell/ella/vostè {{c1::complace::…complacer…}} (a l'amo)| complacer ends_in_er in_the_wild irregular_verb moderate_irregularity modismo presente regular_form él_ella_usted |complacer|complaure|3|S|I|P|0|⊙ Ahora mismo, ⊙él/ella/usted {{c1::complace::…complacer…}} (al dueño)|complau|VMIP3S00|central|M|0|||⊙ Ara mateix, ⊙ell/ella/vostè | (a l'amo)|⊙ Ara mateix, ⊙ell/ella/vostè {{c1::complau::…complaure…}} (a l'amo)|present|indicatiu|-re|ell/ella/vostè| present indicatiu -re ell/ella/vostè complaure 
2450|⊙ Ara mateix, ⊙nosaltres {{c1::complacemos::…complacer…}} (a l'amo)| complacer ends_in_er irregular_verb moderate_irregularity nosotros presente regular_form |complacer|complaure|1|P|I|P|0|⊙ Ahora mismo, ⊙nosotros {{c1::complacemos::…complacer…}} (al dueño)|complaem|VMIP1P00|central|M|0|||⊙ Ara mateix, ⊙nosaltres | (a l'amo)|⊙ Ara mateix, ⊙nosaltres {{c1::complaem::…complaure…}} (a l'amo)|present|indicatiu|-re|nosaltres| present indicatiu -re nosaltres complaure 
2451|⊙ Ara mateix, ⊙vosaltres {{c1::complacéis::…complacer…}} (a l'amo)| complacer ends_in_er irregular_verb moderate_irregularity presente regular_form vosotros |complacer|complaure|2|P|I|P|0|⊙ Ahora mismo, ⊙vosotros {{c1::complacéis::…complacer…}} (al dueño)|complaeu|VMIP2P00|central|M|0|||⊙ Ara mateix, ⊙vosaltres | (a l'amo)|⊙ Ara mateix, ⊙vosaltres {{c1::complaeu::…complaure…}} (a l'amo)|present|indicatiu|-re|vosaltres| present indicatiu -re vosaltres complaure 
2452|⊙ Ara mateix, ⊙ells/elles/vostès {{c1::complacen::…complacer…}} (a l'amo)| complacer ellos_ellas_ustedes ends_in_er irregular_verb moderate_irregularity presente regular_form |complacer|complaure|3|P|I|P|0|⊙ Ahora mismo, ⊙ellos/ellas/ustedes {{c1::complacen::…complacer…}} (al dueño)|complauen|VMIP3P00|central|M|0|||⊙ Ara mateix, ⊙ells/elles/vostès | (a l'amo)|⊙ Ara mateix, ⊙ells/elles/vostès {{c1::complauen::…complaure…}} (a l'amo)|present|indicatiu|-re|ells/elles/vostès| present indicatiu -re ells/elles/vostès complaure 
2496|⊙ Ara mateix, ⊙jo {{c1::pudro::…pudrir…}} (al professor)| ends_in_ir high_irregularity irregular_verb presente pudrir regular_form yo |pudrir|podrir|1|S|I|P|0|⊙ Ahora mismo, ⊙yo {{c1::pudro::…pudrir…}} (al profesor)|podreixo|VMIP1S0C|central|M|0|||⊙ Ara mateix, ⊙jo | (al professor)|⊙ Ara mateix, ⊙jo {{c1::podreixo::…podrir…}} (al professor)|present|indicatiu|-ir|jo| present indicatiu -ir jo podrir 
2497|⊙ Ara mateix, ⊙tu {{c1::pudres::…pudrir…}} (al professor)| ends_in_ir high_irregularity irregular_verb presente pudrir regular_form tú tú_vos |pudrir|podrir|2|S|I|P|0|⊙ Ahora mismo, ⊙tú {{c1::pudres::…pudrir…}} (al profesor)|podreixes|VMIP2S00|central|M|0|||⊙ Ara mateix, ⊙tu | (al professor)|⊙ Ara mateix, ⊙tu {{c1::podreixes::…podrir…}} (al professor)|present|indicatiu|-ir|tu| present indicatiu -ir tu podrir 
2498|⊙ Ara mateix, ⊙ell/ella/vostè {{c1::pudre::…pudrir…}} (al professor)| ends_in_ir high_irregularity in_the_wild irregular_verb presente pudrir refrán regular_form él_ella_usted |pudrir|podrir|3|S|I|P|0|⊙ Ahora mismo, ⊙él/ella/usted {{c1::pudre::…pudrir…}} (al profesor)|podreix|VMIP3S00|central|M|0|||⊙ Ara mateix, ⊙ell/ella/vostè | (al professor)|⊙ Ara mateix, ⊙ell/ella/vostè {{c1::podreix::…podrir…}} (al professor)|present|indicatiu|-ir|ell/ella/vostè| present indicatiu -ir ell/ella/vostè podrir 
2499|"⊙ Ara mateix, ⊙nosaltres {{c1::pudrimos | podrimos::…pudrir…}} (al professor)"| ends_in_ir high_irregularity irregular_form irregular_verb nosotros presente pudrir |pudrir|podrir|1|P|I|P|0|"⊙ Ahora mismo, ⊙nosotros {{c1::pudrimos | podrimos::…pudrir…}} (al profesor)"|podrim|VMIP1P00|central|M|0|||⊙ Ara mateix, ⊙nosaltres | (al professor)|⊙ Ara mateix, ⊙nosaltres {{c1::podrim::…podrir…}} (al professor)|present|indicatiu|-ir|nosaltres| present indicatiu -ir nosaltres podrir 
2500|"⊙ Ara mateix, ⊙vosaltres {{c1::pudrís | podrís::…pudrir…}} (al professor)"| ends_in_ir high_irregularity irregular_form irregular_verb presente pudrir vosotros |pudrir|podrir|2|P|I|P|0|"⊙ Ahora mismo, ⊙vosotros {{c1::pudrís | podrís::…pudrir…}} (al profesor)"|podriu|VMIP2P00|central|M|0|||⊙ Ara mateix, ⊙vosaltres | (al professor)|⊙ Ara mateix, ⊙vosaltres {{c1::podriu::…podrir…}} (al professor)|present|indicatiu|-ir|vosaltres| present indicatiu -ir vosaltres podrir 
2501|⊙ Ara mateix, ⊙ells/elles/vostès {{c1::pudren::…pudrir…}} (al professor)| ellos_ellas_ustedes ends_in_ir high_irregularity irregular_verb presente pudrir regular_form |pudrir|podrir|3|P|I|P|0|⊙ Ahora mismo, ⊙ellos/ellas/ustedes {{c1::pudren::…pudrir…}} (al profesor)|podreixen|VMIP3P00|central|M|0|||⊙ Ara mateix, ⊙ells/elles/vostès | (al professor)|⊙ Ara mateix, ⊙ells/elles/vostès {{c1::podreixen::…podrir…}} (al professor)|present|indicatiu|-ir|ells/elles/vostès| present indicatiu -ir ells/elles/vostès podrir 
2545|⊙ Ara mateix, ⊙jo {{c1::predigo::…predecir…}} (les victòries de l'equip)| ends_in_ir extreme_irregularity irregular_form irregular_verb predecir presente yo |predecir|predir|1|S|I|P|0|⊙ Ahora mismo, ⊙yo {{c1::predigo::…predecir…}} (las victorias del equipo)|predic|VMIP1S00|central|M|0|||⊙ Ara mateix, ⊙jo | (les victòries de l'equip)|⊙ Ara mateix, ⊙jo {{c1::predic::…predir…}} (les victòries de l'equip)|present|indicatiu|-ir|jo| present indicatiu -ir jo predir 
2546|⊙ Ara mateix, ⊙tu {{c1::predices::…predecir…}} (les victòries de l'equip)| ends_in_ir extreme_irregularity in_the_wild irregular_form irregular_verb predecir presente refrán tú tú_vos |predecir|predir|2|S|I|P|0|⊙ Ahora mismo, ⊙tú {{c1::predices::…predecir…}} (las victorias del equipo)|predius|VMIP2S00|central|M|0|||⊙ Ara mateix, ⊙tu | (les victòries de l'equip)|⊙ Ara mateix, ⊙tu {{c1::predius::…predir…}} (les victòries de l'equip)|present|indicatiu|-ir|tu| present indicatiu -ir tu predir 
2547|⊙ Ara mateix, ⊙ell/ella/vostè {{c1::predice::…predecir…}} (les victòries de l'equip)| ends_in_ir extreme_irregularity irregular_form irregular_verb predecir presente él_ella_usted |predecir|predir|3|S|I|P|0|⊙ Ahora mismo, ⊙él/ella/usted {{c1::predice::…predecir…}} (las victorias del equipo)|prediu|VMIP3S00|central|M|0|||⊙ Ara mateix, ⊙ell/ella/vostè | (les victòries de l'equip)|⊙ Ara mateix, ⊙ell/ella/vostè {{c1::prediu::…predir…}} (les victòries de l'equip)|present|indicatiu|-ir|ell/ella/vostè| present indicatiu -ir ell/ella/vostè predir 
2548|⊙ Ara mateix, ⊙nosaltres {{c1::predecimos::…predecir…}} (les victòries de l'equip)| ends_in_ir extreme_irregularity irregular_verb nosotros predecir presente regular_form |predecir|predir|1|P|I|P|0|⊙ Ahora mismo, ⊙nosotros {{c1::predecimos::…predecir…}} (las victorias del equipo)|prediem|VMIP1P00|central|M|0|||⊙ Ara mateix, ⊙nosaltres | (les victòries de l'equip)|⊙ Ara mateix, ⊙nosaltres {{c1::prediem::…predir…}} (les victòries de l'equip)|present|indicatiu|-ir|nosaltres| present indicatiu -ir nosaltres predir 
2549|⊙ Ara mateix, ⊙vosaltres {{c1::predecís::…predecir…}} (les victòries de l'equip)| ends_in_ir extreme_irregularity irregular_verb predecir presente regular_form vosotros |predecir|predir|2|P|I|P|0|⊙ Ahora mismo, ⊙vosotros {{c1::predecís::…predecir…}} (las victorias del equipo)|predieu|VMIP2P00|central|M|0|||⊙ Ara mateix, ⊙vosaltres | (les victòries de l'equip)|⊙ Ara mateix, ⊙vosaltres {{c1::predieu::…predir…}} (les victòries de l'equip)|present|indicatiu|-ir|vosaltres| present indicatiu -ir vosaltres predir 
2550|⊙ Ara mateix, ⊙ells/elles/vostès {{c1::predicen::…predecir…}} (les victòries de l'equip)| ellos_ellas_ustedes ends_in_ir extreme_irregularity irregular_form irregular_verb predecir presente |predecir|predir|3|P|I|P|0|⊙ Ahora mismo, ⊙ellos/ellas/ustedes {{c1::predicen::…predecir…}} (las victorias del equipo)|prediuen|VMIP3P00|central|M|0|||⊙ Ara mateix, ⊙ells/elles/vostès | (les victòries de l'equip)|⊙ Ara mateix, ⊙ells/elles/vostès {{c1::prediuen::…predir…}} (les victòries de l'equip)|present|indicatiu|-ir|ells/elles/vostès| present indicatiu -ir ells/elles/vostès predir 
2594|"⊙ Ara mateix, ⊙jo {{c1::jazco | jazgo | jago::…jacer…}} (al sofà)"| ends_in_er irregular_form irregular_verb low_irregularity presente yacer yo |yacer|jeure|1|S|I|P|0|"⊙ Ahora mismo, ⊙yo {{c1::yazco | yazgo | yago::…yacer…}} (en el sofá)"|jac|VMIP1S00|central|M|0|||⊙ Ara mateix, ⊙jo | (al sofà)|⊙ Ara mateix, ⊙jo {{c1::jac::…jeure…}} (al sofà)|present|indicatiu|-re|jo| present indicatiu -re jo jeure 
2595|⊙ Ara mateix, ⊙tu {{c1::jaces::…jacer…}} (al sofà)| ends_in_er irregular_verb low_irregularity presente regular_form tú tú_vos yacer |yacer|jeure|2|S|I|P|0|⊙ Ahora mismo, ⊙tú {{c1::yaces::…yacer…}} (en el sofá)|jaus|VMIP2S00|central|M|0|||⊙ Ara mateix, ⊙tu | (al sofà)|⊙ Ara mateix, ⊙tu {{c1::jaus::…jeure…}} (al sofà)|present|indicatiu|-re|tu| present indicatiu -re tu jeure 
2596|⊙ Ara mateix, ⊙ell/ella/vostè {{c1::jace::…jacer…}} (al sofà)| ends_in_er irregular_verb low_irregularity presente regular_form yacer él_ella_usted |yacer|jeure|3|S|I|P|0|⊙ Ahora mismo, ⊙él/ella/usted {{c1::yace::…yacer…}} (en el sofá)|jau|VMIP3S00|central|M|0|||⊙ Ara mateix, ⊙ell/ella/vostè | (al sofà)|⊙ Ara mateix, ⊙ell/ella/vostè {{c1::jau::…jeure…}} (al sofà)|present|indicatiu|-re|ell/ella/vostè| present indicatiu -re ell/ella/vostè jeure 
2597|⊙ Ara mateix, ⊙nosaltres {{c1::jacemos::…jacer…}} (al sofà)| ends_in_er irregular_verb low_irregularity nosotros presente regular_form yacer |yacer|jeure|1|P|I|P|0|⊙ Ahora mismo, ⊙nosotros {{c1::yacemos::…yacer…}} (en el sofá)|jaiem|VMIP1P00|central|M|0|||⊙ Ara mateix, ⊙nosaltres | (al sofà)|⊙ Ara mateix, ⊙nosaltres {{c1::jaiem::…jeure…}} (al sofà)|present|indicatiu|-re|nosaltres| present indicatiu -re nosaltres jeure 
2598|⊙ Ara mateix, ⊙vosaltres {{c1::jacéis::…jacer…}} (al sofà)| ends_in_er irregular_verb low_irregularity presente regular_form vosotros yacer |yacer|jeure|2|P|I|P|0|⊙ Ahora mismo, ⊙vosotros {{c1::yacéis::…yacer…}} (en el sofá)|jaieu|VMIP2P00|central|M|0|||⊙ Ara mateix, ⊙vosaltres | (al sofà)|⊙ Ara mateix, ⊙vosaltres {{c1::jaieu::…jeure…}} (al sofà)|present|indicatiu|-re|vosaltres| present indicatiu -re vosaltres jeure 
2599|⊙ Ara mateix, ⊙ells/elles/vostès {{c1::jacen::…jacer…}} (al sofà)| ellos_ellas_ustedes ends_in_er irregular_verb low_irregularity presente regular_form yacer |yacer|jeure|3|P|I|P|0|⊙ Ahora mismo, ⊙ellos/ellas/ustedes {{c1::yacen::…yacer…}} (en el sofá)|jauen|VMIP3P00|central|M|0|||⊙ Ara mateix, ⊙ells/elles/vostès | (al sofà)|⊙ Ara mateix, ⊙ells/elles/vostès {{c1::jauen::…jeure…}} (al sofà)|present|indicatiu|-re|ells/elles/vostès| present indicatiu -re ells/elles/vostès jeure 
2643|"⊙ Ara mateix, ⊙jo {{c1::yergo | irgo::…erguir…}} (el cap)"| ends_in_ir erguir high_irregularity irregular_form irregular_verb presente yo |erguir|alçar|1|S|I|P|0|"⊙ Ahora mismo, ⊙yo {{c1::yergo | irgo::…erguir…}} (la cabeza)"|alço|VMIP1S0C|central|M|0|||⊙ Ara mateix, ⊙jo | (el cap)|⊙ Ara mateix, ⊙jo {{c1::alço::…alçar…}} (el cap)|present|indicatiu|-ar|jo| present indicatiu -ar jo alçar 
2644|"⊙ Ara mateix, ⊙tu {{c1::yergues | irgues::…erguir…}} (el cap)"| ends_in_ir erguir high_irregularity irregular_form irregular_verb presente tú tú_vos |erguir|alçar|2|S|I|P|0|"⊙ Ahora mismo, ⊙tú {{c1::yergues | irgues::…erguir…}} (la cabeza)"|alces|VMIP2S00|central|M|0|||⊙ Ara mateix, ⊙tu | (el cap)|⊙ Ara mateix, ⊙tu {{c1::alces::…alçar…}} (el cap)|present|indicatiu|-ar|tu| present indicatiu -ar tu alçar 
2645|"⊙ Ara mateix, ⊙ell/ella/vostè {{c1::yergue | irgue::…erguir…}} (el cap)"| ends_in_ir erguir high_irregularity in_the_wild irregular_form irregular_verb modismo presente él_ella_usted |erguir|alçar|3|S|I|P|0|"⊙ Ahora mismo, ⊙él/ella/usted {{c1::yergue | irgue::…erguir…}} (la cabeza)"|alça|VMIP3S00|central|M|0|||⊙ Ara mateix, ⊙ell/ella/vostè | (el cap)|⊙ Ara mateix, ⊙ell/ella/vostè {{c1::alça::…alçar…}} (el cap)|present|indicatiu|-ar|ell/ella/vostè| present indicatiu -ar ell/ella/vostè alçar 
2646|⊙ Ara mateix, ⊙nosaltres {{c1::erguimos::…erguir…}} (el cap)| ends_in_ir erguir high_irregularity irregular_verb nosotros presente regular_form |erguir|alçar|1|P|I|P|0|⊙ Ahora mismo, ⊙nosotros {{c1::erguimos::…erguir…}} (la cabeza)|alcem|VMIP1P00|central|M|0|||⊙ Ara mateix, ⊙nosaltres | (el cap)|⊙ Ara mateix, ⊙nosaltres {{c1::alcem::…alçar…}} (el cap)|present|indicatiu|-ar|nosaltres| present indicatiu -ar nosaltres alçar 
2647|⊙ Ara mateix, ⊙vosaltres {{c1::erguís::…erguir…}} (el cap)| ends_in_ir erguir high_irregularity irregular_verb presente regular_form vosotros |erguir|alçar|2|P|I|P|0|⊙ Ahora mismo, ⊙vosotros {{c1::erguís::…erguir…}} (la cabeza)|alceu|VMIP2P00|central|M|0|||⊙ Ara mateix, ⊙vosaltres | (el cap)|⊙ Ara mateix, ⊙vosaltres {{c1::alceu::…alçar…}} (el cap)|present|indicatiu|-ar|vosaltres| present indicatiu -ar vosaltres alçar 
2648|"⊙ Ara mateix, ⊙ells/elles/vostès {{c1::yerguen | irguen::…erguir…}} (el cap)"| ellos_ellas_ustedes ends_in_ir erguir high_irregularity irregular_form irregular_verb presente |erguir|alçar|3|P|I|P|0|"⊙ Ahora mismo, ⊙ellos/ellas/ustedes {{c1::yerguen | irguen::…erguir…}} (la cabeza)"|alcen|VMIP3P00|central|M|0|||⊙ Ara mateix, ⊙ells/elles/vostès | (el cap)|⊙ Ara mateix, ⊙ells/elles/vostès {{c1::alcen::…alçar…}} (el cap)|present|indicatiu|-ar|ells/elles/vostès| present indicatiu -ar ells/elles/vostès alçar 
2692|⊙ Ara mateix, ⊙jo {{c1::aúno::…aunar…}} (les voluntats de tots)| aunar ends_in_ar irregular_form irregular_verb low_irregularity presente yo |aunar|unir|1|S|I|P|0|⊙ Ahora mismo, ⊙yo {{c1::aúno::…aunar…}} (las voluntades de todos)|uneixo|VMIP1S0C|central|M|0|||⊙ Ara mateix, ⊙jo | (les voluntats de tots)|⊙ Ara mateix, ⊙jo {{c1::uneixo::…unir…}} (les voluntats de tots)|present|indicatiu|-ir|jo| present indicatiu -ir jo unir 
2693|⊙ Ara mateix, ⊙tu {{c1::aúnas::…aunar…}} (les voluntats de tots)| aunar ends_in_ar irregular_form irregular_verb low_irregularity presente tú tú_vos |aunar|unir|2|S|I|P|0|⊙ Ahora mismo, ⊙tú {{c1::aúnas::…aunar…}} (las voluntades de todos)|uneixes|VMIP2S00|central|M|0|||⊙ Ara mateix, ⊙tu | (les voluntats de tots)|⊙ Ara mateix, ⊙tu {{c1::uneixes::…unir…}} (les voluntats de tots)|present|indicatiu|-ir|tu| present indicatiu -ir tu unir 
2694|⊙ Ara mateix, ⊙ell/ella/vostè {{c1::aúna::…aunar…}} (les voluntats de tots)| aunar ends_in_ar irregular_form irregular_verb low_irregularity presente él_ella_usted |aunar|unir|3|S|I|P|0|⊙ Ahora mismo, ⊙él/ella/usted {{c1::aúna::…aunar…}} (las voluntades de todos)|uneix|VMIP3S00|central|M|0|||⊙ Ara mateix, ⊙ell/ella/vostè | (les voluntats de tots)|⊙ Ara mateix, ⊙ell/ella/vostè {{c1::uneix::…unir…}} (les voluntats de tots)|present|indicatiu|-ir|ell/ella/vostè| present indicatiu -ir ell/ella/vostè unir 
2695|⊙ Ara mateix, ⊙nosaltres {{c1::aunamos::…aunar…}} (les voluntats de tots)| aunar ends_in_ar in_the_wild irregular_verb low_irregularity modismo nosotros presente regular_form |aunar|unir|1|P|I|P|0|⊙ Ahora mismo, ⊙nosotros {{c1::aunamos::…aunar…}} (las voluntades de todos)|unim|VMIP1P00|central|M|0|||⊙ Ara mateix, ⊙nosaltres | (les voluntats de tots)|⊙ Ara mateix, ⊙nosaltres {{c1::unim::…unir…}} (les voluntats de tots)|present|indicatiu|-ir|nosaltres| present indicatiu -ir nosaltres unir 
2696|⊙ Ara mateix, ⊙vosaltres {{c1::aunáis::…aunar…}} (les voluntats de tots)| aunar ends_in_ar irregular_verb low_irregularity presente regular_form vosotros |aunar|unir|2|P|I|P|0|⊙ Ahora mismo, ⊙vosotros {{c1::aunáis::…aunar…}} (las voluntades de todos)|uniu|VMIP2P00|central|M|0|||⊙ Ara mateix, ⊙vosaltres | (les voluntats de tots)|⊙ Ara mateix, ⊙vosaltres {{c1::uniu::…unir…}} (les voluntats de tots)|present|indicatiu|-ir|vosaltres| present indicatiu -ir vosaltres unir 
2697|⊙ Ara mateix, ⊙ells/elles/vostès {{c1::aúnan::…aunar…}} (les voluntats de tots)| aunar ellos_ellas_ustedes ends_in_ar irregular_form irregular_verb low_irregularity presente |aunar|unir|3|P|I|P|0|⊙ Ahora mismo, ⊙ellos/ellas/ustedes {{c1::aúnan::…aunar…}} (las voluntades de todos)|uneixen|VMIP3P00|central|M|0|||⊙ Ara mateix, ⊙ells/elles/vostès | (les voluntats de tots)|⊙ Ara mateix, ⊙ells/elles/vostès {{c1::uneixen::…unir…}} (les voluntats de tots)|present|indicatiu|-ir|ells/elles/vostès| present indicatiu -ir ells/elles/vostès unir 
2741|⊙ Ara mateix, ⊙jo {{c1::rehúso::…rehusar…}} (qualsevol compromís)| ends_in_ar presente regular_form regular_spelling_change regular_verb rehusar yo |rehusar|refusar|1|S|I|P|0|⊙ Ahora mismo, ⊙yo {{c1::rehúso::…rehusar…}} (cualquier compromiso)|refuso|VMIP1S0C|central|M|0|||⊙ Ara mateix, ⊙jo | (qualsevol compromís)|⊙ Ara mateix, ⊙jo {{c1::refuso::…refusar…}} (qualsevol compromís)|present|indicatiu|-ar|jo| present indicatiu -ar jo refusar 
2742|⊙ Ara mateix, ⊙tu {{c1::rehúsas::…rehusar…}} (qualsevol compromís)| ends_in_ar presente regular_form regular_spelling_change regular_verb rehusar tú tú_vos |rehusar|refusar|2|S|I|P|0|⊙ Ahora mismo, ⊙tú {{c1::rehúsas::…rehusar…}} (cualquier compromiso)|refuses|VMIP2S00|central|M|0|||⊙ Ara mateix, ⊙tu | (qualsevol compromís)|⊙ Ara mateix, ⊙tu {{c1::refuses::…refusar…}} (qualsevol compromís)|present|indicatiu|-ar|tu| present indicatiu -ar tu refusar 
2743|⊙ Ara mateix, ⊙ell/ella/vostè {{c1::rehúsa::…rehusar…}} (qualsevol compromís)| ends_in_ar presente regular_form regular_spelling_change regular_verb rehusar él_ella_usted |rehusar|refusar|3|S|I|P|0|⊙ Ahora mismo, ⊙él/ella/usted {{c1::rehúsa::…rehusar…}} (cualquier compromiso)|refusa|VMIP3S00|central|M|0|||⊙ Ara mateix, ⊙ell/ella/vostè | (qualsevol compromís)|⊙ Ara mateix, ⊙ell/ella/vostè {{c1::refusa::…refusar…}} (qualsevol compromís)|present|indicatiu|-ar|ell/ella/vostè| present indicatiu -ar ell/ella/vostè refusar 
2744|⊙ Ara mateix, ⊙nosaltres {{c1::rehusamos::…rehusar…}} (qualsevol compromís)| ends_in_ar nosotros presente regular_form regular_verb rehusar |rehusar|refusar|1|P|I|P|0|⊙ Ahora mismo, ⊙nosotros {{c1::rehusamos::…rehusar…}} (cualquier compromiso)|refusem|VMIP1P00|central|M|0|||⊙ Ara mateix, ⊙nosaltres | (qualsevol compromís)|⊙ Ara mateix, ⊙nosaltres {{c1::refusem::…refusar…}} (qualsevol compromís)|present|indicatiu|-ar|nosaltres| present indicatiu -ar nosaltres refusar 
2745|⊙ Ara mateix, ⊙vosaltres {{c1::rehusáis::…rehusar…}} (qualsevol compromís)| ends_in_ar presente regular_form regular_verb rehusar vosotros |rehusar|refusar|2|P|I|P|0|⊙ Ahora mismo, ⊙vosotros {{c1::rehusáis::…rehusar…}} (cualquier compromiso)|refuseu|VMIP2P00|central|M|0|||⊙ Ara mateix, ⊙vosaltres | (qualsevol compromís)|⊙ Ara mateix, ⊙vosaltres {{c1::refuseu::…refusar…}} (qualsevol compromís)|present|indicatiu|-ar|vosaltres| present indicatiu -ar vosaltres refusar 
2746|⊙ Ara mateix, ⊙ells/elles/vostès {{c1::rehúsan::…rehusar…}} (qualsevol compromís)| ellos_ellas_ustedes ends_in_ar presente regular_form regular_spelling_change regular_verb rehusar |rehusar|refusar|3|P|I|P|0|⊙ Ahora mismo, ⊙ellos/ellas/ustedes {{c1::rehúsan::…rehusar…}} (cualquier compromiso)|refusen|VMIP3P00|central|M|0|||⊙ Ara mateix, ⊙ells/elles/vostès | (qualsevol compromís)|⊙ Ara mateix, ⊙ells/elles/vostès {{c1::refusen::…refusar…}} (qualsevol compromís)|present|indicatiu|-ar|ells/elles/vostès| present indicatiu -ar ells/elles/vostès refusar 
2790|"⊙ Ara mateix, ⊙jo {{c1::yerro | erro::…errar…}} (en decir que no)"| ends_in_ar errar irregular_form irregular_verb low_irregularity presente yo |errar|errar|1|S|I|P|0|"⊙ Ahora mismo, ⊙yo {{c1::yerro | erro::…errar…}} (en decir que no)"|erro|VMIP1S0C|central|M|0|||⊙ Ara mateix, ⊙jo | (en decir que no)|⊙ Ara mateix, ⊙jo {{c1::erro::…errar…}} (en decir que no)|present|indicatiu|-ar|jo| present indicatiu -ar jo errar 
2791|"⊙ Ara mateix, ⊙tu {{c1::yerras | erras::…errar…}} (en decir que no)"| ends_in_ar errar irregular_form irregular_verb low_irregularity presente tú tú_vos |errar|errar|2|S|I|P|0|"⊙ Ahora mismo, ⊙tú {{c1::yerras | erras::…errar…}} (en decir que no)"|erres|VMIP2S00|central|M|0|||⊙ Ara mateix, ⊙tu | (en decir que no)|⊙ Ara mateix, ⊙tu {{c1::erres::…errar…}} (en decir que no)|present|indicatiu|-ar|tu| present indicatiu -ar tu errar 
2792|"⊙ Ara mateix, ⊙ell/ella/vostè {{c1::yerra | erra::…errar…}} (en decir que no)"| ends_in_ar errar in_the_wild irregular_form irregular_verb low_irregularity presente refrán él_ella_usted |errar|errar|3|S|I|P|0|"⊙ Ahora mismo, ⊙él/ella/usted {{c1::yerra | erra::…errar…}} (en decir que no)"|erra|VMIP3S00|central|M|0|||⊙ Ara mateix, ⊙ell/ella/vostè | (en decir que no)|⊙ Ara mateix, ⊙ell/ella/vostè {{c1::erra::…errar…}} (en decir que no)|present|indicatiu|-ar|ell/ella/vostè| present indicatiu -ar ell/ella/vostè errar 
2793|⊙ Ara mateix, ⊙nosaltres {{c1::erramos::…errar…}} (en decir que no)| ends_in_ar errar irregular_verb low_irregularity nosotros presente regular_form |errar|errar|1|P|I|P|0|⊙ Ahora mismo, ⊙nosotros {{c1::erramos::…errar…}} (en decir que no)|errem|VMIP1P00|central|M|0|||⊙ Ara mateix, ⊙nosaltres | (en decir que no)|⊙ Ara mateix, ⊙nosaltres {{c1::errem::…errar…}} (en decir que no)|present|indicatiu|-ar|nosaltres| present indicatiu -ar nosaltres errar 
2794|⊙ Ara mateix, ⊙vosaltres {{c1::erráis::…errar…}} (en decir que no)| ends_in_ar errar irregular_verb low_irregularity presente regular_form vosotros |errar|errar|2|P|I|P|0|⊙ Ahora mismo, ⊙vosotros {{c1::erráis::…errar…}} (en decir que no)|erreu|VMIP2P00|central|M|0|||⊙ Ara mateix, ⊙vosaltres | (en decir que no)|⊙ Ara mateix, ⊙vosaltres {{c1::erreu::…errar…}} (en decir que no)|present|indicatiu|-ar|vosaltres| present indicatiu -ar vosaltres errar 
2795|"⊙ Ara mateix, ⊙ells/elles/vostès {{c1::yerran | erran::…errar…}} (en decir que no)"| ellos_ellas_ustedes ends_in_ar errar irregular_form irregular_verb low_irregularity presente |errar|errar|3|P|I|P|0|"⊙ Ahora mismo, ⊙ellos/ellas/ustedes {{c1::yerran | erran::…errar…}} (en decir que no)"|erren|VMIP3P00|central|M|0|||⊙ Ara mateix, ⊙ells/elles/vostès | (en decir que no)|⊙ Ara mateix, ⊙ells/elles/vostès {{c1::erren::…errar…}} (en decir que no)|present|indicatiu|-ar|ells/elles/vostès| present indicatiu -ar ells/elles/vostès errar 
2839|⊙ Ara mateix, ⊙jo {{c1::engullo::…engullir…}} (plàtans)| ends_in_ir engullir presente regular_form regular_verb yo |engullir|engolir|1|S|I|P|0|⊙ Ahora mismo, ⊙yo {{c1::engullo::…engullir…}} (plátanos)|engoleixo|VMIP1S0C|central|M|0|||⊙ Ara mateix, ⊙jo | (plàtans)|⊙ Ara mateix, ⊙jo {{c1::engoleixo::…engolir…}} (plàtans)|present|indicatiu|-ir|jo| present indicatiu -ir jo engolir 
2840|⊙ Ara mateix, ⊙tu {{c1::engulles::…engullir…}} (plàtans)| ends_in_ir engullir presente regular_form regular_verb tú tú_vos |engullir|engolir|2|S|I|P|0|⊙ Ahora mismo, ⊙tú {{c1::engulles::…engullir…}} (plátanos)|engoleixes|VMIP2S00|central|M|0|||⊙ Ara mateix, ⊙tu | (plàtans)|⊙ Ara mateix, ⊙tu {{c1::engoleixes::…engolir…}} (plàtans)|present|indicatiu|-ir|tu| present indicatiu -ir tu engolir 
2841|⊙ Ara mateix, ⊙ell/ella/vostè {{c1::engulle::…engullir…}} (plàtans)| ends_in_ir engullir presente regular_form regular_verb él_ella_usted |engullir|engolir|3|S|I|P|0|⊙ Ahora mismo, ⊙él/ella/usted {{c1::engulle::…engullir…}} (plátanos)|engoleix|VMIP3S00|central|M|0|||⊙ Ara mateix, ⊙ell/ella/vostè | (plàtans)|⊙ Ara mateix, ⊙ell/ella/vostè {{c1::engoleix::…engolir…}} (plàtans)|present|indicatiu|-ir|ell/ella/vostè| present indicatiu -ir ell/ella/vostè engolir 
2842|⊙ Ara mateix, ⊙nosaltres {{c1::engullimos::…engullir…}} (plàtans)| ends_in_ir engullir nosotros presente regular_form regular_verb |engullir|engolir|1|P|I|P|0|⊙ Ahora mismo, ⊙nosotros {{c1::engullimos::…engullir…}} (plátanos)|engolim|VMIP1P00|central|M|0|||⊙ Ara mateix, ⊙nosaltres | (plàtans)|⊙ Ara mateix, ⊙nosaltres {{c1::engolim::…engolir…}} (plàtans)|present|indicatiu|-ir|nosaltres| present indicatiu -ir nosaltres engolir 
2843|⊙ Ara mateix, ⊙vosaltres {{c1::engullís::…engullir…}} (plàtans)| ends_in_ir engullir presente regular_form regular_verb vosotros |engullir|engolir|2|P|I|P|0|⊙ Ahora mismo, ⊙vosotros {{c1::engullís::…engullir…}} (plátanos)|engoliu|VMIP2P00|central|M|0|||⊙ Ara mateix, ⊙vosaltres | (plàtans)|⊙ Ara mateix, ⊙vosaltres {{c1::engoliu::…engolir…}} (plàtans)|present|indicatiu|-ir|vosaltres| present indicatiu -ir vosaltres engolir 
2844|⊙ Ara mateix, ⊙ells/elles/vostès {{c1::engullen::…engullir…}} (plàtans)| ellos_ellas_ustedes ends_in_ir engullir presente regular_form regular_verb |engullir|engolir|3|P|I|P|0|⊙ Ahora mismo, ⊙ellos/ellas/ustedes {{c1::engullen::…engullir…}} (plátanos)|engoleixen|VMIP3P00|central|M|0|||⊙ Ara mateix, ⊙ells/elles/vostès | (plàtans)|⊙ Ara mateix, ⊙ells/elles/vostès {{c1::engoleixen::…engolir…}} (plàtans)|present|indicatiu|-ir|ells/elles/vostès| present indicatiu -ir ells/elles/vostès engolir 
2888|⊙ Ara mateix, ⊙jo {{c1::discierno::…discernir…}} (una cosa de l'altra)| discernir ends_in_ir irregular_form irregular_verb low_irregularity presente yo |discernir|discernir|1|S|I|P|0|⊙ Ahora mismo, ⊙yo {{c1::discierno::…discernir…}} (una cosa de la otra)|discerneixo|VMIP1S0C|central|M|0|||⊙ Ara mateix, ⊙jo | (una cosa de l'altra)|⊙ Ara mateix, ⊙jo {{c1::discerneixo::…discernir…}} (una cosa de l'altra)|present|indicatiu|-ir|jo| present indicatiu -ir jo discernir 
2889|⊙ Ara mateix, ⊙tu {{c1::disciernes::…discernir…}} (una cosa de l'altra)| discernir ends_in_ir irregular_form irregular_verb low_irregularity presente tú tú_vos |discernir|discernir|2|S|I|P|0|⊙ Ahora mismo, ⊙tú {{c1::disciernes::…discernir…}} (una cosa de la otra)|discerneixes|VMIP2S00|central|M|0|||⊙ Ara mateix, ⊙tu | (una cosa de l'altra)|⊙ Ara mateix, ⊙tu {{c1::discerneixes::…discernir…}} (una cosa de l'altra)|present|indicatiu|-ir|tu| present indicatiu -ir tu discernir 
2890|⊙ Ara mateix, ⊙ell/ella/vostè {{c1::discierne::…discernir…}} (una cosa de l'altra)| discernir ends_in_ir irregular_form irregular_verb low_irregularity presente él_ella_usted |discernir|discernir|3|S|I|P|0|⊙ Ahora mismo, ⊙él/ella/usted {{c1::discierne::…discernir…}} (una cosa de la otra)|discerneix|VMIP3S00|central|M|0|||⊙ Ara mateix, ⊙ell/ella/vostè | (una cosa de l'altra)|⊙ Ara mateix, ⊙ell/ella/vostè {{c1::discerneix::…discernir…}} (una cosa de l'altra)|present|indicatiu|-ir|ell/ella/vostè| present indicatiu -ir ell/ella/vostè discernir 
2891|⊙ Ara mateix, ⊙nosaltres {{c1::discernimos::…discernir…}} (una cosa de l'altra)| discernir ends_in_ir irregular_verb low_irregularity nosotros presente regular_form |discernir|discernir|1|P|I|P|0|⊙ Ahora mismo, ⊙nosotros {{c1::discernimos::…discernir…}} (una cosa de la otra)|discernim|VMIP1P00|central|M|0|||⊙ Ara mateix, ⊙nosaltres | (una cosa de l'altra)|⊙ Ara mateix, ⊙nosaltres {{c1::discernim::…discernir…}} (una cosa de l'altra)|present|indicatiu|-ir|nosaltres| present indicatiu -ir nosaltres discernir 
2892|⊙ Ara mateix, ⊙vosaltres {{c1::discernís::…discernir…}} (una cosa de l'altra)| discernir ends_in_ir irregular_verb low_irregularity presente regular_form vosotros |discernir|discernir|2|P|I|P|0|⊙ Ahora mismo, ⊙vosotros {{c1::discernís::…discernir…}} (una cosa de la otra)|discerniu|VMIP2P00|central|M|0|||⊙ Ara mateix, ⊙vosaltres | (una cosa de l'altra)|⊙ Ara mateix, ⊙vosaltres {{c1::discerniu::…discernir…}} (una cosa de l'altra)|present|indicatiu|-ir|vosaltres| present indicatiu -ir vosaltres discernir 
2893|⊙ Ara mateix, ⊙ells/elles/vostès {{c1::disciernen::…discernir…}} (una cosa de l'altra)| discernir ellos_ellas_ustedes ends_in_ir irregular_form irregular_verb low_irregularity presente |discernir|discernir|3|P|I|P|0|⊙ Ahora mismo, ⊙ellos/ellas/ustedes {{c1::disciernen::…discernir…}} (una cosa de la otra)|discerneixen|VMIP3P00|central|M|0|||⊙ Ara mateix, ⊙ells/elles/vostès | (una cosa de l'altra)|⊙ Ara mateix, ⊙ells/elles/vostès {{c1::discerneixen::…discernir…}} (una cosa de l'altra)|present|indicatiu|-ir|ells/elles/vostès| present indicatiu -ir ells/elles/vostès discernir 
2937|⊙ Ara mateix, ⊙jo {{c1::me endeudo::…endeudarse…}} | endeudarse ends_in_ar presente pronominal regular_form regular_verb yo |endeudarse|endeutar|1|S|I|P|0|⊙ Ahora mismo, ⊙yo {{c1::me endeudo::…endeudarse…}} |endeuto|VMIP1S0C|central|M|0|||⊙ Ara mateix, ⊙jo | |⊙ Ara mateix, ⊙jo {{c1::endeuto::…endeutar…}} |present|indicatiu|-ar|jo| present indicatiu -ar jo endeutar 
2938|⊙ Ara mateix, ⊙tu {{c1::te endeudas::…endeudarse…}} | endeudarse ends_in_ar presente pronominal regular_form regular_verb tú tú_vos |endeudarse|endeutar|2|S|I|P|0|⊙ Ahora mismo, ⊙tú {{c1::te endeudas::…endeudarse…}} |endeutes|VMIP2S00|central|M|0|||⊙ Ara mateix, ⊙tu | |⊙ Ara mateix, ⊙tu {{c1::endeutes::…endeutar…}} |present|indicatiu|-ar|tu| present indicatiu -ar tu endeutar 
2939|⊙ Ara mateix, ⊙ell/ella/vostè {{c1::se endeuda::…endeudarse…}} | endeudarse ends_in_ar presente pronominal regular_form regular_verb él_ella_usted |endeudarse|endeutar|3|S|I|P|0|⊙ Ahora mismo, ⊙él/ella/usted {{c1::se endeuda::…endeudarse…}} |endeuta|VMIP3S00|central|M|0|||⊙ Ara mateix, ⊙ell/ella/vostè | |⊙ Ara mateix, ⊙ell/ella/vostè {{c1::endeuta::…endeutar…}} |present|indicatiu|-ar|ell/ella/vostè| present indicatiu -ar ell/ella/vostè endeutar 
2940|⊙ Ara mateix, ⊙nosaltres {{c1::nos endeudamos::…endeudarse…}} | endeudarse ends_in_ar nosotros presente pronominal regular_form regular_verb |endeudarse|endeutar|1|P|I|P|0|⊙ Ahora mismo, ⊙nosotros {{c1::nos endeudamos::…endeudarse…}} |endeutem|VMIP1P00|central|M|0|||⊙ Ara mateix, ⊙nosaltres | |⊙ Ara mateix, ⊙nosaltres {{c1::endeutem::…endeutar…}} |present|indicatiu|-ar|nosaltres| present indicatiu -ar nosaltres endeutar 
2941|⊙ Ara mateix, ⊙vosaltres {{c1::os endeudáis::…endeudarse…}} | endeudarse ends_in_ar presente pronominal regular_form regular_verb vosotros |endeudarse|endeutar|2|P|I|P|0|⊙ Ahora mismo, ⊙vosotros {{c1::os endeudáis::…endeudarse…}} |endeuteu|VMIP2P00|central|M|0|||⊙ Ara mateix, ⊙vosaltres | |⊙ Ara mateix, ⊙vosaltres {{c1::endeuteu::…endeutar…}} |present|indicatiu|-ar|vosaltres| present indicatiu -ar vosaltres endeutar 
2942|⊙ Ara mateix, ⊙ells/elles/vostès {{c1::se endeudan::…endeudarse…}} | ellos_ellas_ustedes endeudarse ends_in_ar presente pronominal regular_form regular_verb |endeudarse|endeutar|3|P|I|P|0|⊙ Ahora mismo, ⊙ellos/ellas/ustedes {{c1::se endeudan::…endeudarse…}} |endeuten|VMIP3P00|central|M|0|||⊙ Ara mateix, ⊙ells/elles/vostès | |⊙ Ara mateix, ⊙ells/elles/vostès {{c1::endeuten::…endeutar…}} |present|indicatiu|-ar|ells/elles/vostès| present indicatiu -ar ells/elles/vostès endeutar 
2986|⊙ Ara mateix, ⊙jo {{c1::delinco::…delinquir…}} (descaradament)| delinquir ends_in_ir presente regular_form regular_spelling_change regular_verb yo |delinquir|delinquir|1|S|I|P|0|⊙ Ahora mismo, ⊙yo {{c1::delinco::…delinquir…}} (descaradamente)|delinqueixo|VMIP1S0C|central|M|0|||⊙ Ara mateix, ⊙jo | (descaradament)|⊙ Ara mateix, ⊙jo {{c1::delinqueixo::…delinquir…}} (descaradament)|present|indicatiu|-ir|jo| present indicatiu -ir jo delinquir 
2987|⊙ Ara mateix, ⊙tu {{c1::delinques::…delinquir…}} (descaradament)| delinquir ends_in_ir presente regular_form regular_verb tú tú_vos |delinquir|delinquir|2|S|I|P|0|⊙ Ahora mismo, ⊙tú {{c1::delinques::…delinquir…}} (descaradamente)|delinqueixes|VMIP2S00|central|M|0|||⊙ Ara mateix, ⊙tu | (descaradament)|⊙ Ara mateix, ⊙tu {{c1::delinqueixes::…delinquir…}} (descaradament)|present|indicatiu|-ir|tu| present indicatiu -ir tu delinquir 
2988|⊙ Ara mateix, ⊙ell/ella/vostè {{c1::delinque::…delinquir…}} (descaradament)| delinquir ends_in_ir presente regular_form regular_verb él_ella_usted |delinquir|delinquir|3|S|I|P|0|⊙ Ahora mismo, ⊙él/ella/usted {{c1::delinque::…delinquir…}} (descaradamente)|delinqueix|VMIP3S00|central|M|0|||⊙ Ara mateix, ⊙ell/ella/vostè | (descaradament)|⊙ Ara mateix, ⊙ell/ella/vostè {{c1::delinqueix::…delinquir…}} (descaradament)|present|indicatiu|-ir|ell/ella/vostè| present indicatiu -ir ell/ella/vostè delinquir 
2989|⊙ Ara mateix, ⊙nosaltres {{c1::delinquimos::…delinquir…}} (descaradament)| delinquir ends_in_ir nosotros presente regular_form regular_verb |delinquir|delinquir|1|P|I|P|0|⊙ Ahora mismo, ⊙nosotros {{c1::delinquimos::…delinquir…}} (descaradamente)|delinquim|VMIP1P00|central|M|0|||⊙ Ara mateix, ⊙nosaltres | (descaradament)|⊙ Ara mateix, ⊙nosaltres {{c1::delinquim::…delinquir…}} (descaradament)|present|indicatiu|-ir|nosaltres| present indicatiu -ir nosaltres delinquir 
2990|⊙ Ara mateix, ⊙vosaltres {{c1::delinquís::…delinquir…}} (descaradament)| delinquir ends_in_ir presente regular_form regular_verb vosotros |delinquir|delinquir|2|P|I|P|0|⊙ Ahora mismo, ⊙vosotros {{c1::delinquís::…delinquir…}} (descaradamente)|delinquiu|VMIP2P00|central|M|0|||⊙ Ara mateix, ⊙vosaltres | (descaradament)|⊙ Ara mateix, ⊙vosaltres {{c1::delinquiu::…delinquir…}} (descaradament)|present|indicatiu|-ir|vosaltres| present indicatiu -ir vosaltres delinquir 
2991|⊙ Ara mateix, ⊙ells/elles/vostès {{c1::delinquen::…delinquir…}} (descaradament)| delinquir ellos_ellas_ustedes ends_in_ir presente regular_form regular_verb |delinquir|delinquir|3|P|I|P|0|⊙ Ahora mismo, ⊙ellos/ellas/ustedes {{c1::delinquen::…delinquir…}} (descaradamente)|delinqueixen|VMIP3P00|central|M|0|||⊙ Ara mateix, ⊙ells/elles/vostès | (descaradament)|⊙ Ara mateix, ⊙ells/elles/vostès {{c1::delinqueixen::…delinquir…}} (descaradament)|present|indicatiu|-ir|ells/elles/vostès| present indicatiu -ir ells/elles/vostès delinquir 
3035|"⊙ Ara mateix, ⊙jo {{c1::corroo | corroigo | corrojo::…corroer…}} (les últimes esperances d'en Joan)"| corroer ends_in_er irregular_form irregular_verb low_irregularity presente yo |corroer|corroure|1|S|I|P|0|"⊙ Ahora mismo, ⊙yo {{c1::corroo | corroigo | corroyo::…corroer…}} (las últimas esperanzas de Juan)"||||||||⊙ Ara mateix, ⊙jo | (les últimes esperances d'en Joan)||present|indicatiu|-re|jo| present indicatiu -re jo corroure 
3036|⊙ Ara mateix, ⊙tu {{c1::corroes::…corroer…}} (les últimes esperances d'en Joan)| corroer ends_in_er irregular_verb low_irregularity presente regular_form tú tú_vos |corroer|corroure|2|S|I|P|0|⊙ Ahora mismo, ⊙tú {{c1::corroes::…corroer…}} (las últimas esperanzas de Juan)||||||||⊙ Ara mateix, ⊙tu | (les últimes esperances d'en Joan)||present|indicatiu|-re|tu| present indicatiu -re tu corroure 
3037|⊙ Ara mateix, ⊙ell/ella/vostè {{c1::corroe::…corroer…}} (les últimes esperances d'en Joan)| corroer ends_in_er in_the_wild irregular_verb low_irregularity modismo presente regular_form él_ella_usted |corroer|corroure|3|S|I|P|0|⊙ Ahora mismo, ⊙él/ella/usted {{c1::corroe::…corroer…}} (las últimas esperanzas de Juan)||||||||⊙ Ara mateix, ⊙ell/ella/vostè | (les últimes esperances d'en Joan)||present|indicatiu|-re|ell/ella/vostè| present indicatiu -re ell/ella/vostè corroure 
3038|⊙ Ara mateix, ⊙nosaltres {{c1::corroemos::…corroer…}} (les últimes esperances d'en Joan)| corroer ends_in_er irregular_verb low_irregularity nosotros presente regular_form |corroer|corroure|1|P|I|P|0|⊙ Ahora mismo, ⊙nosotros {{c1::corroemos::…corroer…}} (las últimas esperanzas de Juan)||||||||⊙ Ara mateix, ⊙nosaltres | (les últimes esperances d'en Joan)||present|indicatiu|-re|nosaltres| present indicatiu -re nosaltres corroure 
3039|⊙ Ara mateix, ⊙vosaltres {{c1::corroéis::…corroer…}} (les últimes esperances d'en Joan)| corroer ends_in_er irregular_verb low_irregularity presente regular_form vosotros |corroer|corroure|2|P|I|P|0|⊙ Ahora mismo, ⊙vosotros {{c1::corroéis::…corroer…}} (las últimas esperanzas de Juan)||||||||⊙ Ara mateix, ⊙vosaltres | (les últimes esperances d'en Joan)||present|indicatiu|-re|vosaltres| present indicatiu -re vosaltres corroure 
3040|⊙ Ara mateix, ⊙ells/elles/vostès {{c1::corroen::…corroer…}} (les últimes esperances d'en Joan)| corroer ellos_ellas_ustedes ends_in_er irregular_verb low_irregularity presente regular_form |corroer|corroure|3|P|I|P|0|⊙ Ahora mismo, ⊙ellos/ellas/ustedes {{c1::corroen::…corroer…}} (las últimas esperanzas de Juan)||||||||⊙ Ara mateix, ⊙ells/elles/vostès | (les últimes esperances d'en Joan)||present|indicatiu|-re|ells/elles/vostès| present indicatiu -re ells/elles/vostès corroure 
3084|"⊙ Ara mateix, ⊙jo {{c1::raigo | rajo::…raer…}} (nocions desgavellades de la ment del nen)"| ends_in_er irregular_form irregular_verb low_irregularity presente raer yo |raer|raer|1|S|I|P|0|"⊙ Ahora mismo, ⊙yo {{c1::raigo | rayo::…raer…}} (nociones descabelladas de la mente del niño)"||||||||⊙ Ara mateix, ⊙jo | (nocions desgavellades de la ment del nen)||present|indicatiu|-er|jo| present indicatiu -er jo raer 
3085|⊙ Ara mateix, ⊙tu {{c1::raes::…raer…}} (nocions desgavellades de la ment del nen)| ends_in_er irregular_verb low_irregularity presente raer regular_form tú tú_vos |raer|raer|2|S|I|P|0|⊙ Ahora mismo, ⊙tú {{c1::raes::…raer…}} (nociones descabelladas de la mente del niño)||||||||⊙ Ara mateix, ⊙tu | (nocions desgavellades de la ment del nen)||present|indicatiu|-er|tu| present indicatiu -er tu raer 
3086|⊙ Ara mateix, ⊙ell/ella/vostè {{c1::rae::…raer…}} (nocions desgavellades de la ment del nen)| ends_in_er irregular_verb low_irregularity presente raer regular_form él_ella_usted |raer|raer|3|S|I|P|0|⊙ Ahora mismo, ⊙él/ella/usted {{c1::rae::…raer…}} (nociones descabelladas de la mente del niño)||||||||⊙ Ara mateix, ⊙ell/ella/vostè | (nocions desgavellades de la ment del nen)||present|indicatiu|-er|ell/ella/vostè| present indicatiu -er ell/ella/vostè raer 
3087|⊙ Ara mateix, ⊙nosaltres {{c1::raemos::…raer…}} (nocions desgavellades de la ment del nen)| ends_in_er irregular_verb low_irregularity nosotros presente raer regular_form |raer|raer|1|P|I|P|0|⊙ Ahora mismo, ⊙nosotros {{c1::raemos::…raer…}} (nociones descabelladas de la mente del niño)||||||||⊙ Ara mateix, ⊙nosaltres | (nocions desgavellades de la ment del nen)||present|indicatiu|-er|nosaltres| present indicatiu -er nosaltres raer 
3088|⊙ Ara mateix, ⊙vosaltres {{c1::raéis::…raer…}} (nocions desgavellades de la ment del nen)| ends_in_er irregular_verb low_irregularity presente raer regular_form vosotros |raer|raer|2|P|I|P|0|⊙ Ahora mismo, ⊙vosotros {{c1::raéis::…raer…}} (nociones descabelladas de la mente del niño)||||||||⊙ Ara mateix, ⊙vosaltres | (nocions desgavellades de la ment del nen)||present|indicatiu|-er|vosaltres| present indicatiu -er vosaltres raer 
3089|⊙ Ara mateix, ⊙ells/elles/vostès {{c1::raen::…raer…}} (nocions desgavellades de la ment del nen)| ellos_ellas_ustedes ends_in_er irregular_verb low_irregularity presente raer regular_form |raer|raer|3|P|I|P|0|⊙ Ahora mismo, ⊙ellos/ellas/ustedes {{c1::raen::…raer…}} (nociones descabelladas de la mente del niño)||||||||⊙ Ara mateix, ⊙ells/elles/vostès | (nocions desgavellades de la ment del nen)||present|indicatiu|-er|ells/elles/vostès| present indicatiu -er ells/elles/vostès raer 
3133|⊙ Ara mateix, ⊙jo {{c1::europeízo::…europeizar…}} (el gust del plat)| ends_in_ar europeizar irregular_form irregular_verb low_irregularity presente yo |europeizar|europeïtzar|1|S|I|P|0|⊙ Ahora mismo, ⊙yo {{c1::europeízo::…europeizar…}} (el sabor del plato)|europeïtzo|VMIP1S0C|central|M|0|||⊙ Ara mateix, ⊙jo | (el gust del plat)|⊙ Ara mateix, ⊙jo {{c1::europeïtzo::…europeïtzar…}} (el gust del plat)|present|indicatiu|-ar|jo| present indicatiu -ar jo europeïtzar 
3134|⊙ Ara mateix, ⊙tu {{c1::europeízas::…europeizar…}} (el gust del plat)| ends_in_ar europeizar irregular_form irregular_verb low_irregularity presente tú tú_vos |europeizar|europeïtzar|2|S|I|P|0|⊙ Ahora mismo, ⊙tú {{c1::europeízas::…europeizar…}} (el sabor del plato)|europeïtzes|VMIP2S00|central|M|0|||⊙ Ara mateix, ⊙tu | (el gust del plat)|⊙ Ara mateix, ⊙tu {{c1::europeïtzes::…europeïtzar…}} (el gust del plat)|present|indicatiu|-ar|tu| present indicatiu -ar tu europeïtzar 
3135|⊙ Ara mateix, ⊙ell/ella/vostè {{c1::europeíza::…europeizar…}} (el gust del plat)| ends_in_ar europeizar irregular_form irregular_verb low_irregularity presente él_ella_usted |europeizar|europeïtzar|3|S|I|P|0|⊙ Ahora mismo, ⊙él/ella/usted {{c1::europeíza::…europeizar…}} (el sabor del plato)|europeïtza|VMIP3S00|central|M|0|||⊙ Ara mateix, ⊙ell/ella/vostè | (el gust del plat)|⊙ Ara mateix, ⊙ell/ella/vostè {{c1::europeïtza::…europeïtzar…}} (el gust del plat)|present|indicatiu|-ar|ell/ella/vostè| present indicatiu -ar ell/ella/vostè europeïtzar 
3136|⊙ Ara mateix, ⊙nosaltres {{c1::europeizamos::…europeizar…}} (el gust del plat)| ends_in_ar europeizar irregular_verb low_irregularity nosotros presente regular_form |europeizar|europeïtzar|1|P|I|P|0|⊙ Ahora mismo, ⊙nosotros {{c1::europeizamos::…europeizar…}} (el sabor del plato)|europeïtzem|VMIP1P00|central|M|0|||⊙ Ara mateix, ⊙nosaltres | (el gust del plat)|⊙ Ara mateix, ⊙nosaltres {{c1::europeïtzem::…europeïtzar…}} (el gust del plat)|present|indicatiu|-ar|nosaltres| present indicatiu -ar nosaltres europeïtzar 
3137|⊙ Ara mateix, ⊙vosaltres {{c1::europeizáis::…europeizar…}} (el gust del plat)| ends_in_ar europeizar irregular_verb low_irregularity presente regular_form vosotros |europeizar|europeïtzar|2|P|I|P|0|⊙ Ahora mismo, ⊙vosotros {{c1::europeizáis::…europeizar…}} (el sabor del plato)|europeïtzeu|VMIP2P00|central|M|0|||⊙ Ara mateix, ⊙vosaltres | (el gust del plat)|⊙ Ara mateix, ⊙vosaltres {{c1::europeïtzeu::…europeïtzar…}} (el gust del plat)|present|indicatiu|-ar|vosaltres| present indicatiu -ar vosaltres europeïtzar 
3138|⊙ Ara mateix, ⊙ells/elles/vostès {{c1::europeízan::…europeizar…}} (el gust del plat)| ellos_ellas_ustedes ends_in_ar europeizar irregular_form irregular_verb low_irregularity presente |europeizar|europeïtzar|3|P|I|P|0|⊙ Ahora mismo, ⊙ellos/ellas/ustedes {{c1::europeízan::…europeizar…}} (el sabor del plato)|europeïtzen|VMIP3P00|central|M|0|||⊙ Ara mateix, ⊙ells/elles/vostès | (el gust del plat)|⊙ Ara mateix, ⊙ells/elles/vostès {{c1::europeïtzen::…europeïtzar…}} (el gust del plat)|present|indicatiu|-ar|ells/elles/vostès| present indicatiu -ar ells/elles/vostès europeïtzar 
